GENE_PRODUCT_ID	FB_ID
A0A0B4K692	FBgn0027570
A0A0B4K753	FBgn0262823
A0A0B4K7J2	FBgn0039302
A0A0B4K859	FBgn0033766
A0A0B4KEE4	FBgn0265003
A0A0B4KGY6	FBgn0261552
A0A0B4LFY9	FBgn0033453
A0A0B7P9G0	FBgn0262124
A0A0U1QT59	FBgn0267796
A0A126GUP6	FBgn0027930
A0A1F4	FBgn0031414
A1A708	FBgn0039563
A1YK02	FBgn0034310
A1Z6E0	FBgn0026238
A1Z6H7	FBgn0266580
A1Z6J5	FBgn0033055
A1Z6K7	FBgn0033069
A1Z6L1	FBgn0033074
A1Z6M6	FBgn0266518
A1Z6S7	FBgn0022960
A1Z6W3	FBgn0003090
A1Z713	FBgn0033194
A1Z746	FBgn0000337
A1Z7A6	FBgn0050372
A1Z7A8	FBgn0033265
A1Z7G7	FBgn0033313
A1Z7K9	FBgn0033352
A1Z7L1	FBgn0033354
A1Z7R6	FBgn0033388
A1Z7T0	FBgn0020621
A1Z7U3	FBgn0053774
A1Z7Z9	FBgn0033447
A1Z877	FBgn0026403
A1Z897	FBgn0033523
A1Z8D0	FBgn0263510
A1Z8E9	FBgn0033578
A1Z8J0	FBgn0033615
A1Z8N1	FBgn0050035
A1Z8P9	FBgn0013756
A1Z8R8	FBgn0033672
A1Z8X3	FBgn0266111
A1Z9A2	FBgn0033810
A1Z9A8	FBgn0033816
A1Z9E2	FBgn0033846
A1Z9G2	FBgn0033859
A1Z9J4	FBgn0033885
A1Z9L3	FBgn0086895
A1Z9P3	FBgn0085408
A1Z9R4	FBgn0284250
A1Z9S1	FBgn0050077
A1Z9X0	FBgn0261854
A1ZA47	FBgn0265991
A1ZA55	FBgn0034047
A1ZA92	FBgn0034073
A1ZAB5	FBgn0034087
A1ZAG4	FBgn0034129
A1ZAI3	FBgn0034143
A1ZAI5	FBgn0034145
A1ZAJ2	FBgn0267002
A1ZAK1	FBgn0289323
A1ZAU8	FBgn0263197
A1ZAV1	FBgn0263113
A1ZAW0	FBgn0034246
A1ZAW5	FBgn0029079
A1ZAX0	FBgn0050106
A1ZAX1	FBgn0034258
A1ZAY1	FBgn0034264
A1ZB42	FBgn0260401
A1ZB62	FBgn0040735
A1ZB63	FBgn0040734
A1ZB64	FBgn0040733
A1ZB86	FBgn0261477
A1ZB91	FBgn0034352
A1ZBD6	FBgn0034389
A1ZBE8	FBgn0034400
A1ZBR5	FBgn0034483
A1ZBT5	FBgn0034503
A1ZBW7	FBgn0034529
A1ZBY1	FBgn0034542
A2VEI2	FBgn0031893
A2VEY9	FBgn0260941
A3RLR0	FBgn0259732
A3RLR1	FBgn0259733
A4VCL2	FBgn0051145
A6MHQ4	FBgn0085442
A8DYE2	FBgn0265194
A8DYH2	FBgn0085220
A8DYP0	FBgn0053519
A8DYP7	FBgn0050424
A8DYY5	FBgn0085212
A8DYY6	FBgn0032221
A8JNV4	FBgn0085284
A8JQ65	FBgn0085413
A8JQX3	FBgn0261808
A8JR14	FBgn0026737
A8JUP7	FBgn0030925
A8JUV0	FBgn0265630
A8MPH9	FBgn0001297
B4F7L9	FBgn0267449
B5A5T4	FBgn0260499
B6JUP5	FBgn0283440
B6VQA1	FBgn0023091
B7TB45	FBgn0261526
B7YZT2	FBgn0039969
B7YZU2	FBgn0286782
B7YZV4	FBgn0264815
B7Z031	FBgn0031969
B7Z073	FBgn0259720
B7Z0I7	FBgn0259199
B7Z0K8	FBgn0259244
B7Z0W9	FBgn0259150
C0HJH3	FBgn0266492
C0HJH4	FBgn0266491
C0HJX4	FBgn0259730
C0HJX5	FBgn0259731
C0HK92	FBgn0266446
C0HK94	FBgn0266448
C0HK95	FBgn0266451
C0HK98	FBgn0043576
C0HK99	FBgn0033327
C0HKA0	FBgn0004403
C0HKA1	FBgn0004404
C0HKA2	FBgn0010358
C0HKA3	FBgn0010359
C0HKA4	FBgn0050031
C0HKF7	FBgn0003356
C0HKF8	FBgn0003357
C0HKQ7	FBgn0000276
C0HKQ8	FBgn0000277
C0HL62	FBgn0020644
C0HL63	FBgn0020643
C0HL64	FBgn0020638
C0HL65	FBgn0020637
C0HL66	FBgn0014857
C0HL67	FBgn0004828
C0HLZ9	FBgn0053470
C0HM00	FBgn0288447
C4NYP8	FBgn0260484
D5SHR0	FBgn0034636
E1JH25	FBgn0285892
E1JI63	FBgn0035815
E1JIB2	FBgn0286980
E1JIT7	FBgn0051158
E9NA96	FBgn0031634
F0JAI6	FBgn0028952
F3YDF1	FBgn0034792
G5CKU5	FBgn0085512
M9MRD1	FBgn0261836
M9MRD5	FBgn0261683
M9MRI4	FBgn0051721
M9MSG8	FBgn0264953
M9NDE3	FBgn0031571
M9NE38	FBgn0263973
M9NEY8	FBgn0263392
M9PBE2	FBgn0032812
M9PD06	FBgn0036913
M9PE65	FBgn0262870
M9PFN0	FBgn0036556
M9PGC5	FBgn0037098
O01346	FBgn0001404
O01352	FBgn0019828
O01367	FBgn0264491
O01382	FBgn0019972
O01404	FBgn0283509
O01666	FBgn0020235
O01668	FBgn0019940
O01939	FBgn0020272
O02002	FBgn0010501
O02193	FBgn0014340
O02194	FBgn0284421
O02195	FBgn0015834
O02372	FBgn0020277
O02373	FBgn0261445
O02649	FBgn0015245
O15943	FBgn0015609
O15945	FBgn0264075
O16011	FBgn0265487
O16102	FBgn0023395
O16129	FBgn0275436
O16130	FBgn0023170
O16797	FBgn0020910
O16810	FBgn0286788
O16829	FBgn0000279
O16844	FBgn0000352
O16867	FBgn0015550
O16868	FBgn0001084
O17444	FBgn0270928
O17445	FBgn0028697
O17468	FBgn0022786
O18333	FBgn0014009
O18334	FBgn0015797
O18373	FBgn0261270
O18381	FBgn0005558
O18388	FBgn0262743
O18391	FBgn0020545
O18400	FBgn0020912
O18404	FBgn0021765
O18405	FBgn0019925
O18408	FBgn0020506
O18412	FBgn0011596
O18413	FBgn0020369
O18475	FBgn0002905
O18640	FBgn0020618
O44081	FBgn0259937
O44252	FBgn0011705
O44342	FBgn0004003
O44386	FBgn0286785
O44424	FBgn0023506
O44437	FBgn0023167
O44783	FBgn0014388
O46036	FBgn0020496
O46037	FBgn0004397
O46040	FBgn0053548
O46043	FBgn0023216
O46051	FBgn0023541
O46054	FBgn0015036
O46072	FBgn0001330
O46077	FBgn0023523
O46080	FBgn0023520
O46084	FBgn0023517
O46089	FBgn0023513
O46098	FBgn0013432
O46101	FBgn0024361
O46102	FBgn0024360
O46106	FBgn0014366
O46107	FBgn0023496
O46108	FBgn0023495
O46197	FBgn0015583
O46199	FBgn0015584
O46200	FBgn0015585
O46201	FBgn0263597
O46202	FBgn0020509
O46203	FBgn0023415
O46227	FBgn0267327
O46339	FBgn0001235
O46341	FBgn0023130
O61231	FBgn0024733
O61267	FBgn0019686
O61305	FBgn0024804
O61307	FBgn0004449
O61345	FBgn0015527
O61365	FBgn0024319
O61366	FBgn0024232
O61443	FBgn0024846
O61491	FBgn0024754
O61492	FBgn0264078
O61613	FBgn0020392
O61643	FBgn0024913
O61661	FBgn0261278
O61722	FBgn0024734
O61734	FBgn0023094
O61735	FBgn0023076
O62589	FBgn0000808
O62618	FBgn0015765
O62619	FBgn0267385
O62621	FBgn0025724
O76206	FBgn0014930
O76324	FBgn0002413
O76454	FBgn0024841
O76460	FBgn0002989
O76464	FBgn0024945
O76511	FBgn0024920
O76742	FBgn0015795
O76767	FBgn0267330
O76878	FBgn0024985
O76879	FBgn0000092
O76902	FBgn0025381
O76906	FBgn0000376
O76908	FBgn0283545
O76922	FBgn0000146
O76924	FBgn0025186
O76927	FBgn0015521
O76932	FBgn0023177
O77051	FBgn0024371
O77059	FBgn0025680
O77086	FBgn0259228
O77150	FBgn0025583
O77215	FBgn0024184
O77237	FBgn0025574
O77263	FBgn0025629
O77264	FBgn0025630
O77277	FBgn0025615
O77286	FBgn0025558
O77410	FBgn0025582
O77438	FBgn0027343
O77459	FBgn0011236
O77460	FBgn0016687
O77475	FBgn0025335
O96433	FBgn0025455
O96539	FBgn0025720
O96553	FBgn0020385
O96651	FBgn0026015
O96690	FBgn0023178
O96827	FBgn0028737
O96838	FBgn0028741
O96860	FBgn0026141
O96863	FBgn0026136
O97067	FBgn0026566
O97069	FBgn0026565
O97125	FBgn0001230
O97143	FBgn0026371
O97148	FBgn0023000
O97159	FBgn0262519
O97172	FBgn0028746
O97176	FBgn0002578
O97177	FBgn0002592
O97178	FBgn0002732
O97179	FBgn0002632
O97394	FBgn0021764
O97420	FBgn0026088
O97422	FBgn0066114
O97477	FBgn0025885
P00334	FBgn0000055
P00399	FBgn0013674
P00408	FBgn0013675
P00417	FBgn0013676
P00522	FBgn0000017
P00528	FBgn0262733
P00850	FBgn0013672
P00967	FBgn0000053
P02255	FBgn0001195
P02255	FBgn0051617
P02255	FBgn0053804
P02255	FBgn0053810
P02255	FBgn0053813
P02255	FBgn0053816
P02255	FBgn0053819
P02255	FBgn0053822
P02255	FBgn0053825
P02255	FBgn0053828
P02255	FBgn0053831
P02255	FBgn0053837
P02255	FBgn0053840
P02255	FBgn0053843
P02255	FBgn0053846
P02255	FBgn0053849
P02255	FBgn0053852
P02255	FBgn0053864
P02283	FBgn0001198
P02283	FBgn0061209
P02283	FBgn0053868
P02283	FBgn0053870
P02283	FBgn0053872
P02283	FBgn0053874
P02283	FBgn0053876
P02283	FBgn0053878
P02283	FBgn0053880
P02283	FBgn0053882
P02283	FBgn0053884
P02283	FBgn0053886
P02283	FBgn0053888
P02283	FBgn0053890
P02283	FBgn0053892
P02283	FBgn0053894
P02283	FBgn0053896
P02283	FBgn0053898
P02283	FBgn0053900
P02283	FBgn0053902
P02283	FBgn0053904
P02283	FBgn0053906
P02283	FBgn0053908
P02283	FBgn0053910
P02299	FBgn0001199
P02299	FBgn0051613
P02299	FBgn0053803
P02299	FBgn0053806
P02299	FBgn0053809
P02299	FBgn0053812
P02299	FBgn0053815
P02299	FBgn0053818
P02299	FBgn0053821
P02299	FBgn0053824
P02299	FBgn0053827
P02299	FBgn0053830
P02299	FBgn0053833
P02299	FBgn0053836
P02299	FBgn0053839
P02299	FBgn0053842
P02299	FBgn0053845
P02299	FBgn0053848
P02299	FBgn0053851
P02299	FBgn0053854
P02299	FBgn0053857
P02299	FBgn0053860
P02299	FBgn0053863
P02299	FBgn0053866
P02515	FBgn0001223
P02516	FBgn0001224
P02517	FBgn0001225
P02518	FBgn0001226
P02572	FBgn0000043
P02574	FBgn0000045
P02825	FBgn0013276
P02828	FBgn0001233
P02833	FBgn0260642
P02835	FBgn0001077
P02836	FBgn0000577
P02839	FBgn0002531
P02840	FBgn0003373
P02841	FBgn0003377
P02842	FBgn0003378
P02843	FBgn0004045
P02844	FBgn0005391
P03896	FBgn0013680
P04052	FBgn0003277
P04146	FBgn0013437
P04197	FBgn0002914
P04323	FBgn0014453
P04357	FBgn0002868
P04359	FBgn0002626
P04388	FBgn0003206
P04412	FBgn0003731
P04657	FBgn0086907
P04755	FBgn0000038
P04814	FBgn0003863
P04950	FBgn0003249
P05031	FBgn0000422
P05049	FBgn0003450
P05084	FBgn0001180
P05130	FBgn0003091
P05205	FBgn0003607
P05303	FBgn0000557
P05389	FBgn0003274
P05527	FBgn0001269
P05552	FBgn0284249
P05623	FBgn0003034
P05661	FBgn0264695
P05709	FBgn0004666
P05812	FBgn0001227
P05990	FBgn0003189
P06002	FBgn0002940
P06601	FBgn0003145
P06602	FBgn0000606
P06603	FBgn0003884
P06604	FBgn0003886
P06605	FBgn0003885
P06606	FBgn0087040
P06607	FBgn0004047
P06742	FBgn0002772
P06754	FBgn0003721
P07140	FBgn0000024
P07182	FBgn0000359
P07183	FBgn0000360
P07184	FBgn0000357
P07185	FBgn0000355
P07186	FBgn0000358
P07187	FBgn0002533
P07188	FBgn0002534
P07189	FBgn0002535
P07190	FBgn0002570
P07191	FBgn0002569
P07192	FBgn0002571
P07207	FBgn0004647
P07247	FBgn0001325
P07486	FBgn0001091
P07487	FBgn0001092
P07548	FBgn0000439
P07663	FBgn0003068
P07664	FBgn0003512
P07665	FBgn0003511
P07666	FBgn0003510
P07668	FBgn0000303
P07701	FBgn0003375
P07713	FBgn0000490
P07764	FBgn0000064
P07909	FBgn0001215
P08044	FBgn0003448
P08099	FBgn0003248
P08111	FBgn0002121
P08120	FBgn0000299
P08144	FBgn0000079
P08155	FBgn0266450
P08171	FBgn0000592
P08175	FBgn0002862
P08181	FBgn0264492
P08182	FBgn0000259
P08255	FBgn0003250
P08266	FBgn0262955
P08510	FBgn0003380
P08570	FBgn0002593
P08630	FBgn0003502
P08645	FBgn0004636
P08646	FBgn0003205
P08736	FBgn0284245
P08761	FBgn0000565
P08841	FBgn0003888
P08879	FBgn0000150
P08928	FBgn0002525
P08953	FBgn0262473
P08970	FBgn0003567
P08985	FBgn0001197
P09040	FBgn0000500
P09052	FBgn0283442
P09077	FBgn0003339
P09081	FBgn0000166
P09082	FBgn0001148
P09083	FBgn0001147
P09085	FBgn0000251
P09087	FBgn0000015
P09089	FBgn0004053
P09090	FBgn0004054
P09180	FBgn0003279
P09208	FBgn0283499
P09478	FBgn0000036
P09491	FBgn0004117
P09615	FBgn0284084
P09774	FBgn0002561
P09775	FBgn0000137
P09956	FBgn0004050
P09957	FBgn0004034
P0C919	FBgn0260229
P0CG69	FBgn0003943
P0DKM0	FBgn0261353
P10035	FBgn0001170
P10040	FBgn0259685
P10041	FBgn0000463
P10083	FBgn0000022
P10084	FBgn0004170
P10090	FBgn0003996
P10105	FBgn0002522
P10180	FBgn0004198
P10181	FBgn0003267
P10333	FBgn0002855
P10334	FBgn0002856
P10351	FBgn0003308
P10379	FBgn0004055
P10383	FBgn0003023
P10394	FBgn0043847
P10401	FBgn0014966
P10552	FBgn0000715
P10627	FBgn0003900
P10674	FBgn0285925
P10676	FBgn0002938
P10734	FBgn0001320
P10735	FBgn0003714
P10981	FBgn0000046
P10987	FBgn0000042
P11046	FBgn0261800
P11146	FBgn0001217
P11147	FBgn0266599
P11346	FBgn0003079
P11420	FBgn0267821
P11449	FBgn0003979
P11450	FBgn0000644
P11455	FBgn0003683
P11536	FBgn0000567
P11584	FBgn0004657
P11596	FBgn0003741
P11612	FBgn0003140
P11929	FBgn0000228
P11956	FBgn0002869
P11995	FBgn0002562
P11996	FBgn0002563
P11997	FBgn0002564
P12024	FBgn0267435
P12080	FBgn0001250
P12252	FBgn0000479
P12258	FBgn0014191
P12297	FBgn0003638
P12370	FBgn0000273
P12426	FBgn0000109
P12428	FBgn0000241
P12613	FBgn0003676
P12646	FBgn0004057
P12881	FBgn0250843
P12982	FBgn0004103
P13002	FBgn0259211
P13008	FBgn0261597
P13054	FBgn0001323
P13055	FBgn0000568
P13060	FBgn0000559
P13095	FBgn0002629
P13096	FBgn0002631
P13097	FBgn0002633
P13098	FBgn0000591
P13217	FBgn0262738
P13238	FBgn0003980
P13360	FBgn0004618
P13368	FBgn0003366
P13395	FBgn0250789
P13468	FBgn0000810
P13469	FBgn0002780
P13496	FBgn0001108
P13582	FBgn0000533
P13607	FBgn0002921
P13677	FBgn0004784
P13678	FBgn0003093
P13706	FBgn0001128
P13709	FBgn0004656
P14003	FBgn0001168
P14083	FBgn0266129
P14199	FBgn0003231
P14318	FBgn0002789
P14484	FBgn0003046
P14599	FBgn0000108
P14734	FBgn0000659
P14773	FBgn0263782
P14785	FBgn0000404
P14956	FBgn0000278
P15007	FBgn0000579
P15215	FBgn0267348
P15278	FBgn0000636
P15330	FBgn0260632
P15348	FBgn0284220
P15357	FBgn0003942
P15364	FBgn0000071
P15370	FBgn0000560
P15372	FBgn0000120
P15425	FBgn0002936
P15619	FBgn0005642
P16163	FBgn0003961
P16241	FBgn0086680
P16320	FBgn0044029
P16371	FBgn0001139
P16375	FBgn0003651
P16376	FBgn0003651
P16378	FBgn0001122
P16395	FBgn0000037
P16423	FBgn0016699
P16424	FBgn0044825
P16425	FBgn0044824
P16548	FBgn0002863
P16554	FBgn0002973
P16568	FBgn0000183
P16620	FBgn0014007
P16621	FBgn0000464
P16905	FBgn0259243
P16909	FBgn0086915
P16911	FBgn0000274
P16912	FBgn0000489
P16914	FBgn0260400
P17133	FBgn0016978
P17207	FBgn0003358
P17210	FBgn0001308
P17276	FBgn0001208
P17336	FBgn0000261
P17644	FBgn0000039
P17671	FBgn0000568
P17672	FBgn0000568
P17704	FBgn0005533
P17719	FBgn0004087
P17789	FBgn0003870
P17886	FBgn0000377
P17917	FBgn0005655
P17970	FBgn0262593
P17971	FBgn0005564
P17972	FBgn0003386
P18053	FBgn0261394
P18091	FBgn0000667
P18101	FBgn0003941
P18102	FBgn0003720
P18105	FBgn0002948
P18106	FBgn0000723
P18167	FBgn0000594
P18168	FBgn0004197
P18169	FBgn0000427
P18170	FBgn0000427
P18171	FBgn0000427
P18173	FBgn0001112
P18289	FBgn0001291
P18431	FBgn0003371
P18432	FBgn0002773
P18459	FBgn0005626
P18475	FBgn0003733
P18486	FBgn0000075
P18487	FBgn0002036
P18488	FBgn0000576
P18489	FBgn0003660
P18490	FBgn0003048
P18491	FBgn0000575
P18502	FBgn0003892
P18537	FBgn0001085
P18824	FBgn0000117
P18929	FBgn0013679
P18930	FBgn0013681
P18931	FBgn0262952
P18932	FBgn0013684
P18933	FBgn0013685
P18934	FBgn0013683
P18935	FBgn0013678
P19018	FBgn0003742
P19107	FBgn0000121
P19109	FBgn0003261
P19334	FBgn0003861
P19339	FBgn0264270
P19351	FBgn0004169
P19538	FBgn0004859
P19889	FBgn0000100
P19967	FBgn0000406
P20007	FBgn0003067
P20009	FBgn0000157
P20028	FBgn0003278
P20105	FBgn0000567
P20153	FBgn0003964
P20193	FBgn0003598
P20227	FBgn0003687
P20228	FBgn0004516
P20232	FBgn0010422
P20240	FBgn0266420
P20241	FBgn0264975
P20348	FBgn0001280
P20349	FBgn0001281
P20350	FBgn0004635
P20351	FBgn0003965
P20353	FBgn0001104
P20354	FBgn0001123
P20385	FBgn0000286
P20432	FBgn0001149
P20439	FBgn0000405
P20477	FBgn0001142
P20478	FBgn0001145
P20480	FBgn0002924
P20482	FBgn0262975
P20483	FBgn0003525
P20659	FBgn0003862
P20825	FBgn0027622
P20905	FBgn0004573
P21187	FBgn0265297
P21328	FBgn0015952
P21330	FBgn0020297
P21461	FBgn0003410
P21519	FBgn0002643
P21520	FBgn0003326
P21521	FBgn0004242
P21525	FBgn0001297
P21663	FBgn0000094
P21750	FBgn0003313
P21914	FBgn0014028
P22058	FBgn0000412
P22265	FBgn0003866
P22270	FBgn0004514
P22293	FBgn0003575
P22464	FBgn0000083
P22465	FBgn0000084
P22468	FBgn0001099
P22469	FBgn0004052
P22700	FBgn0263006
P22711	FBgn0004110
P22745	FBgn0000158
P22769	FBgn0004066
P22807	FBgn0002941
P22808	FBgn0261930
P22809	FBgn0004862
P22810	FBgn0004102
P22812	FBgn0003882
P22813	FBgn0001222
P22814	FBgn0003300
P22815	FBgn0000206
P22816	FBgn0002922
P22817	FBgn0001247
P22977	FBgn0000356
P22978	FBgn0001228
P22979	FBgn0001229
P23023	FBgn0000504
P23128	FBgn0004419
P23226	FBgn0002645
P23257	FBgn0260639
P23380	FBgn0262736
P23487	FBgn0004228
P23488	FBgn0004414
P23572	FBgn0004106
P23573	FBgn0004107
P23625	FBgn0004435
P23645	FBgn0000180
P23647	FBgn0001079
P23654	FBgn0004108
P23696	FBgn0004177
P23757	FBgn0003129
P23758	FBgn0003130
P23779	FBgn0004629
P23792	FBgn0000459
P23803	FBgn0002985
P23938	FBgn0002933
P24014	FBgn0264089
P24156	FBgn0002031
P24350	FBgn0000028
P24492	FBgn0004240
P24785	FBgn0002774
P25007	FBgn0004432
P25008	FBgn0004597
P25028	FBgn0000927
P25123	FBgn0004244
P25153	FBgn0004436
P25157	FBgn0000384
P25158	FBgn0003015
P25159	FBgn0003520
P25160	FBgn0000115
P25161	FBgn0261396
P25162	FBgn0004118
P25167	FBgn0004463
P25171	FBgn0002638
P25172	FBgn0265623
P25228	FBgn0005586
P25439	FBgn0000212
P25455	FBgn0004611
P25722	FBgn0024230
P25723	FBgn0003719
P25724	FBgn0002962
P25822	FBgn0003165
P25823	FBgn0003891
P25843	FBgn0000308
P25867	FBgn0011217
P25931	FBgn0004842
P25932	FBgn0287768
P25991	FBgn0003559
P25992	FBgn0005596
P26016	FBgn0004509
P26017	FBgn0003042
P26019	FBgn0259113
P26023	FBgn0003086
P26270	FBgn0002787
P26308	FBgn0001105
P26675	FBgn0001965
P26686	FBgn0004587
P26802	FBgn0004556
P27091	FBgn0024234
P27398	FBgn0003464
P27619	FBgn0003392
P27716	FBgn0004646
P27779	FBgn0000551
P27780	FBgn0000552
P27781	FBgn0004554
P27864	FBgn0004584
P28159	FBgn0004837
P28166	FBgn0004606
P28167	FBgn0004607
P28285	FBgn0004168
P28286	FBgn0263116
P28465	FBgn0004360
P28466	FBgn0010194
P28518	FBgn0004832
P28668	FBgn0005674
P28750	FBgn0000615
P29052	FBgn0004915
P29310	FBgn0004907
P29327	FBgn0261592
P29349	FBgn0000382
P29413	FBgn0005585
P29503	FBgn0002932
P29555	FBgn0000014
P29613	FBgn0086355
P29615	FBgn0004429
P29617	FBgn0004595
P29673	FBgn0267978
P29681	FBgn0001254
P29742	FBgn0000319
P29746	FBgn0001090
P29747	FBgn0004396
P29774	FBgn0005658
P29775	FBgn0005659
P29776	FBgn0005660
P29829	FBgn0004623
P29843	FBgn0001216
P29844	FBgn0001218
P29845	FBgn0001220
P29993	FBgn0010051
P30052	FBgn0003345
P30189	FBgn0004924
P30430	FBgn0004509
P30432	FBgn0004598
P30974	FBgn0004841
P30975	FBgn0004622
P31007	FBgn0001624
P31009	FBgn0004867
P31264	FBgn0051481
P31368	FBgn0085424
P31369	FBgn0004394
P31396	FBgn0000448
P31409	FBgn0005671
P32023	FBgn0000721
P32027	FBgn0014143
P32028	FBgn0004897
P32029	FBgn0004898
P32030	FBgn0003430
P32031	FBgn0004567
P32100	FBgn0005593
P32234	FBgn0010339
P32392	FBgn0262716
P32748	FBgn0000447
P32845	FBgn0004143
P32865	FBgn0260798
P32866	FBgn0261988
P32870	FBgn0003301
P33085	FBgn0085387
P33244	FBgn0001078
P33269	FBgn0005670
P33270	FBgn0000473
P33438	FBgn0001114
P33450	FBgn0001075
P34021	FBgn0000546
P34082	FBgn0000635
P34739	FBgn0002542
P35004	FBgn0010357
P35005	FBgn0010425
P35122	FBgn0010288
P35128	FBgn0000173
P35220	FBgn0010215
P35381	FBgn0011211
P35415	FBgn0003149
P35416	FBgn0003149
P35421	FBgn0000052
P35500	FBgn0285944
P35554	FBgn0005633
P35600	FBgn0004913
P35820	FBgn0005624
P35832	FBgn0004369
P35875	FBgn0010247
P35992	FBgn0004370
P36179	FBgn0260439
P36188	FBgn0283471
P36192	FBgn0010385
P36193	FBgn0010388
P36241	FBgn0285950
P36872	FBgn0004889
P36951	FBgn0011770
P36958	FBgn0004855
P36975	FBgn0011288
P37159	FBgn0004428
P37160	FBgn0004430
P37161	FBgn0004431
P37193	FBgn0011769
P37236	FBgn0030897
P37276	FBgn0261797
P38040	FBgn0004921
P38979	FBgn0003517
P39018	FBgn0010412
P39205	FBgn0000316
P39413	FBgn0005694
P39572	FBgn0001150
P39736	FBgn0004856
P39768	FBgn0003002
P39769	FBgn0004861
P39770	FBgn0261648
P40139	FBgn0010294
P40140	FBgn0010295
P40141	FBgn0010296
P40301	FBgn0086134
P40304	FBgn0002284
P40320	FBgn0005278
P40417	FBgn0003256
P40421	FBgn0265959
P40423	FBgn0003514
P40427	FBgn0000611
P40589	FBgn0010453
P40656	FBgn0005612
P40657	FBgn0005613
P40688	FBgn0003655
P40689	FBgn0003867
P40791	FBgn0011656
P40792	FBgn0010333
P40793	FBgn0010341
P40794	FBgn0004389
P40795	FBgn0000719
P40796	FBgn0011638
P40797	FBgn0013726
P40798	FBgn0001978
P40807	FBgn0013307
P40808	FBgn0013308
P40809	FBgn0045843
P40945	FBgn0013749
P40946	FBgn0013750
P41042	FBgn0011284
P41043	FBgn0010226
P41044	FBgn0004580
P41046	FBgn0010313
P41073	FBgn0004401
P41092	FBgn0285948
P41093	FBgn0010409
P41094	FBgn0010411
P41126	FBgn0011272
P41374	FBgn0261609
P41375	FBgn0004926
P41572	FBgn0004654
P41596	FBgn0011582
P41894	FBgn0263118
P41900	FBgn0010421
P41964	FBgn0283461
P42003	FBgn0011648
P42124	FBgn0000629
P42207	FBgn0011710
P42271	FBgn0010097
P42278	FBgn0011555
P42279	FBgn0011554
P42280	FBgn0011556
P42281	FBgn0010387
P42282	FBgn0003870
P42283	FBgn0283521
P42284	FBgn0283521
P42286	FBgn0003701
P42287	FBgn0001137
P42325	FBgn0013303
P42519	FBgn0003310
P42570	FBgn0003114
P42787	FBgn0004648
P43125	FBgn0003218
P43248	FBgn0015546
P43332	FBgn0003449
P45437	FBgn0008635
P45447	FBgn0004865
P45594	FBgn0011726
P45843	FBgn0003515
P45884	FBgn0012042
P45888	FBgn0011742
P45889	FBgn0011745
P45890	FBgn0011741
P45891	FBgn0011743
P45975	FBgn0263755
P46150	FBgn0011661
P46222	FBgn0013325
P46223	FBgn0014026
P46415	FBgn0011768
P46461	FBgn0000346
P46824	FBgn0010235
P46863	FBgn0004378
P46867	FBgn0004381
P47825	FBgn0010280
P47938	FBgn0011761
P47947	FBgn0013348
P47948	FBgn0010423
P47949	FBgn0010424
P47980	FBgn0011837
P48148	FBgn0014020
P48149	FBgn0010198
P48159	FBgn0010078
P48375	FBgn0013954
P48423	FBgn0004390
P48451	FBgn0010014
P48456	FBgn0010015
P48461	FBgn0003134
P48462	FBgn0000711
P48554	FBgn0014011
P48555	FBgn0015286
P48588	FBgn0086472
P48591	FBgn0011703
P48592	FBgn0011704
P48593	FBgn0004910
P48596	FBgn0003162
P48598	FBgn0015218
P48601	FBgn0015282
P48602	FBgn0265262
P48603	FBgn0011570
P48604	FBgn0014877
P48605	FBgn0015019
P48607	FBgn0003495
P48608	FBgn0011202
P48609	FBgn0013762
P48610	FBgn0000116
P48611	FBgn0003141
P48612	FBgn0011207
P48613	FBgn0003710
P48809	FBgn0004838
P48810	FBgn0004237
P48987	FBgn0010433
P48994	FBgn0005614
P49021	FBgn0014396
P49028	FBgn0002736
P49071	FBgn0013987
P49258	FBgn0011273
P49283	FBgn0011672
P49415	FBgn0010415
P49455	FBgn0003721
P49630	FBgn0002579
P49657	FBgn0259168
P49735	FBgn0014861
P49762	FBgn0265998
P49846	FBgn0010356
P49847	FBgn0010417
P49858	FBgn0000339
P49866	FBgn0004914
P49869	FBgn0014859
P49905	FBgn0011290
P49906	FBgn0011291
P49963	FBgn0015298
P50245	FBgn0015011
P50445	FBgn0003302
P50534	FBgn0005616
P50535	FBgn0005617
P50536	FBgn0002775
P50882	FBgn0015756
P50887	FBgn0015288
P51023	FBgn0003118
P51123	FBgn0010355
P51140	FBgn0000499
P51406	FBgn0010292
P51521	FBgn0003028
P51592	FBgn0002431
P51905	FBgn0010414
P52029	FBgn0003074
P52034	FBgn0003071
P52168	FBgn0003117
P52172	FBgn0003507
P52295	FBgn0287720
P52302	FBgn0002440
P52304	FBgn0003124
P52485	FBgn0015320
P52486	FBgn0015321
P52487	FBgn0017456
P52654	FBgn0011289
P52656	FBgn0013347
P52905	FBgn0015001
P53034	FBgn0260985
P53403	FBgn0015230
P53501	FBgn0000044
P53624	FBgn0259170
P53777	FBgn0259209
P53997	FBgn0014879
P54185	FBgn0011294
P54191	FBgn0011279
P54192	FBgn0011280
P54193	FBgn0011281
P54194	FBgn0011282
P54195	FBgn0011283
P54269	FBgn0015919
P54350	FBgn0011737
P54351	FBgn0266464
P54352	FBgn0000536
P54353	FBgn0015379
P54356	FBgn0003865
P54357	FBgn0004687
P54358	FBgn0263600
P54359	FBgn0014029
P54360	FBgn0000658
P54361	FBgn0014184
P54362	FBgn0001087
P54366	FBgn0010323
P54367	FBgn0015024
P54385	FBgn0001098
P54397	FBgn0013269
P54398	FBgn0000640
P54399	FBgn0286818
P54611	FBgn0283535
P54622	FBgn0010438
P54623	FBgn0013765
P54631	FBgn0005590
P54733	FBgn0010382
P55035	FBgn0015283
P55162	FBgn0011771
P55824	FBgn0005632
P55828	FBgn0019936
P55830	FBgn0017545
P55841	FBgn0017579
P55935	FBgn0010408
P55965	FBgn0011723
P56079	FBgn0010350
P56175	FBgn0020909
P56538	FBgn0034915
P56544	FBgn0025115
P56672	FBgn0015524
P56721	FBgn0001319
P58950	FBgn0045502
P58951	FBgn0045501
P58952	FBgn0265138
P58953	FBgn0045497
P58954	FBgn0041249
P58955	FBgn0045487
P58956	FBgn0264556
P58957	FBgn0264556
P58958	FBgn0264556
P58959	FBgn0264556
P58960	FBgn0041245
P58961	FBgn0041241
P58962	FBgn0041239
P58985	FBgn0041236
P61209	FBgn0010348
P61849	FBgn0011581
P61851	FBgn0003462
P61855	FBgn0004552
P61857	FBgn0003889
P62152	FBgn0000253
P80455	FBgn0286213
P81160	FBgn0250832
P81641	FBgn0000078
P81829	FBgn0028418
P81900	FBgn0022382
P81909	FBgn0026398
P81910	FBgn0026397
P81911	FBgn0026396
P81912	FBgn0026395
P81913	FBgn0026394
P81914	FBgn0026392
P81915	FBgn0026391
P81916	FBgn0026390
P81917	FBgn0026389
P81918	FBgn0026393
P81919	FBgn0026388
P81921	FBgn0026386
P81922	FBgn0026385
P81923	FBgn0026384
P81924	FBgn0026399
P81928	FBgn0010340
P82147	FBgn0011296
P82149	FBgn0011297
P82295	FBgn0026189
P82384	FBgn0025578
P82701	FBgn0067903
P82705	FBgn0040653
P82706	FBgn0034329
P82711	FBgn0033979
P82712	FBgn0050489
P82713	FBgn0041337
P82804	FBgn0034918
P82890	FBgn0040077
P82891	FBgn0040076
P82910	FBgn0013275
P82982	FBgn0041625
P82983	FBgn0041624
P82984	FBgn0041623
P82985	FBgn0041622
P82986	FBgn0041621
P83088	FBgn0044872
P83094	FBgn0045073
P83097	FBgn0046685
P83098	FBgn0046692
P83099	FBgn0287828
P83100	FBgn0267339
P83101	FBgn0046332
P83102	FBgn0027101
P83103	FBgn0046706
P83104	FBgn0046689
P83118	FBgn0045443
P83119	FBgn0045442
P83292	FBgn0041248
P83293	FBgn0045479
P83294	FBgn0045478
P83295	FBgn0045477
P83296	FBgn0045476
P83297	FBgn0052255
P83474	FBgn0259151
P83501	FBgn0053548
P83548	FBgn0052750
P83740	FBgn0052669
P83869	FBgn0067905
P83949	FBgn0003944
P83967	FBgn0000047
P83972	FBgn0004427
P84029	FBgn0284248
P84040	FBgn0001200
P84040	FBgn0051611
P84040	FBgn0053869
P84040	FBgn0053871
P84040	FBgn0053873
P84040	FBgn0053875
P84040	FBgn0053877
P84040	FBgn0053879
P84040	FBgn0053881
P84040	FBgn0053883
P84040	FBgn0053885
P84040	FBgn0053887
P84040	FBgn0053889
P84040	FBgn0053891
P84040	FBgn0053893
P84040	FBgn0053895
P84040	FBgn0053897
P84040	FBgn0053899
P84040	FBgn0053901
P84040	FBgn0053903
P84040	FBgn0053905
P84040	FBgn0053907
P84040	FBgn0053909
P84040	FBgn0013981
P84051	FBgn0001196
P84051	FBgn0051618
P84051	FBgn0053808
P84051	FBgn0053814
P84051	FBgn0053817
P84051	FBgn0053820
P84051	FBgn0053823
P84051	FBgn0053826
P84051	FBgn0053829
P84051	FBgn0053832
P84051	FBgn0053835
P84051	FBgn0053838
P84051	FBgn0053841
P84051	FBgn0053844
P84051	FBgn0053847
P84051	FBgn0053850
P84051	FBgn0053862
P84051	FBgn0053865
P84180	FBgn0045500
P84181	FBgn0045498
P84345	FBgn0013673
P91615	FBgn0000056
P91620	FBgn0085447
P91621	FBgn0085447
P91622	FBgn0017558
P91623	FBgn0001138
P91641	FBgn0013531
P91645	FBgn0263111
P91657	FBgn0014019
P91660	FBgn0010549
P91664	FBgn0017578
P91679	FBgn0265575
P91682	FBgn0003444
P91685	FBgn0019985
P91875	FBgn0019938
P91891	FBgn0017572
P91926	FBgn0264855
P91927	FBgn0284252
P91928	FBgn0019960
P91929	FBgn0019957
P91931	FBgn0019932
P91938	FBgn0020653
P91943	FBgn0085432
P92029	FBgn0260775
P92177	FBgn0020238
P92189	FBgn0003527
P92204	FBgn0017430
P92208	FBgn0000229
P98081	FBgn0000414
P98149	FBgn0011274
P98159	FBgn0002926
P98163	FBgn0004649
Q00168	FBgn0264607
Q00174	FBgn0002526
Q00449	FBgn0004512
Q00637	FBgn0010213
Q00725	FBgn0003374
Q00748	FBgn0004513
Q00805	FBgn0004569
Q00963	FBgn0250788
Q01068	FBgn0002609
Q01069	FBgn0002733
Q01070	FBgn0002735
Q01071	FBgn0002734
Q01083	FBgn0005672
Q01295	FBgn0283451
Q01583	FBgn0085390
Q01603	FBgn0004577
Q01604	FBgn0250906
Q01617	FBgn0263995
Q01637	FBgn0003257
Q01642	FBgn0004172
Q01643	FBgn0004173
Q01644	FBgn0004174
Q01645	FBgn0004175
Q01819	FBgn0005775
Q01820	FBgn0005695
Q01842	FBgn0000097
Q01989	FBgn0011225
Q02280	FBgn0000535
Q02308	FBgn0001169
Q02360	FBgn0004895
Q02361	FBgn0004896
Q02427	FBgn0260944
Q02637	FBgn0005638
Q02645	FBgn0263391
Q02748	FBgn0001942
Q02870	FBgn0001179
Q02910	FBgn0261714
Q02926	FBgn0004903
Q02936	FBgn0004644
Q03017	FBgn0000250
Q03019	FBgn0002673
Q03042	FBgn0000442
Q03043	FBgn0000721
Q03334	FBgn0010265
Q03372	FBgn0000492
Q03427	FBgn0010397
Q03445	FBgn0004619
Q03720	FBgn0003429
Q03751	FBgn0004179
Q04047	FBgn0004227
Q04164	FBgn0002306
Q04448	FBgn0010222
Q04499	FBgn0003423
Q04652	FBgn0001301
Q04688	FBgn0004510
Q04691	FBgn0000639
Q04787	FBgn0000529
Q05192	FBgn0261239
Q05201	FBgn0000320
Q05319	FBgn0003319
Q05337	FBgn0010223
Q05344	FBgn0010278
Q05547	FBgn0003132
Q05652	FBgn0010441
Q05733	FBgn0005619
Q05783	FBgn0004362
Q05825	FBgn0010217
Q05856	FBgn0262601
Q05913	FBgn0010282
Q06003	FBgn0004919
Q06453	FBgn0000061
Q06521	FBgn0003983
Q06559	FBgn0002622
Q06849	FBgn0004908
Q06943	FBgn0010228
Q07093	FBgn0013972
Q07152	FBgn0003204
Q07171	FBgn0010225
Q07327	FBgn0004574
Q07407	FBgn0010389
Q07436	FBgn0004583
Q07553	FBgn0010197
Q07886	FBgn0010220
Q07892	FBgn0000564
Q08012	FBgn0004638
Q08180	FBgn0003285
Q08473	FBgn0263396
Q08605	FBgn0013263
Q08694	FBgn0004425
Q08832	FBgn0010240
Q09024	FBgn0001257
Q09101	FBgn0010114
Q09103	FBgn0261549
Q09147	FBgn0285896
Q09332	FBgn0014075
Q0E8C8	FBgn0262057
Q0E908	FBgn0050147
Q0E940	FBgn0034237
Q0E959	FBgn0083983
Q0E961	FBgn0034049
Q0E9B6	FBgn0033699
Q0E9G3	FBgn0033224
Q0E9H9	FBgn0033159
Q0KHQ5	FBgn0031030
Q0KHT7	FBgn0052666
Q0KHU5	FBgn0052699
Q0KHV6	FBgn0029891
Q0KHY3	FBgn0051004
Q0KI28	FBgn0083967
Q0KI50	FBgn0260003
Q0KIA2	FBgn0037623
Q0KIC3	FBgn0263346
Q10714	FBgn0012037
Q11002	FBgn0012051
Q1JUZ1	FBgn0287185
Q1LZ08	FBgn0033607
Q23970	FBgn0010403
Q23971	FBgn0010401
Q23972	FBgn0016070
Q23973	FBgn0010431
Q23976	FBgn0011774
Q23977	FBgn0010303
Q23978	FBgn0086347
Q23979	FBgn0010246
Q23982	FBgn0011694
Q23983	FBgn0250791
Q23985	FBgn0000524
Q23989	FBgn0003187
Q23997	FBgn0013763
Q24008	FBgn0001263
Q24009	FBgn0000182
Q24020	FBgn0000709
Q24025	FBgn0003463
Q24039	FBgn0013755
Q24040	FBgn0013753
Q24046	FBgn0015776
Q24048	FBgn0015777
Q24049	FBgn0086782
Q24087	FBgn0002707
Q24093	FBgn0014906
Q24106	FBgn0003997
Q24114	FBgn0263930
Q24117	FBgn0011760
Q24118	FBgn0010309
Q24119	FBgn0262139
Q24120	FBgn0000256
Q24133	FBgn0263106
Q24134	FBgn0010416
Q24139	FBgn0010105
Q24141	FBgn0002715
Q24142	FBgn0015239
Q24143	FBgn0015240
Q24145	FBgn0015295
Q24151	FBgn0016917
Q24152	FBgn0010314
Q24154	FBgn0016726
Q24155	FBgn0003751
Q24157	FBgn0000221
Q24167	FBgn0266411
Q24168	FBgn0015270
Q24169	FBgn0015271
Q24174	FBgn0264442
Q24178	FBgn0265606
Q24179	FBgn0264978
Q24180	FBgn0013799
Q24185	FBgn0001202
Q24186	FBgn0002590
Q24188	FBgn0016032
Q24192	FBgn0014380
Q24206	FBgn0283451
Q24207	FBgn0011206
Q24208	FBgn0263740
Q24210	FBgn0013759
Q24211	FBgn0016976
Q24212	FBgn0016975
Q24214	FBgn0015614
Q24238	FBgn0016123
Q24239	FBgn0016762
Q24246	FBgn0003654
Q24247	FBgn0004456
Q24248	FBgn0015904
Q24251	FBgn0016120
Q24255	FBgn0011758
Q24256	FBgn0004854
Q24266	FBgn0000233
Q24270	FBgn0001991
Q24276	FBgn0011573
Q24278	FBgn0261612
Q24292	FBgn0284247
Q24297	FBgn0000426
Q24298	FBgn0003391
Q24306	FBgn0260635
Q24307	FBgn0015247
Q24311	FBgn0015509
Q24312	FBgn0005427
Q24314	FBgn0000482
Q24317	FBgn0011762
Q24318	FBgn0011763
Q24319	FBgn0014868
Q24320	FBgn0003275
Q24322	FBgn0011259
Q24323	FBgn0011260
Q24324	FBgn0010269
Q24325	FBgn0011836
Q24337	FBgn0011586
Q24338	FBgn0000588
Q24342	FBgn0011591
Q24352	FBgn0001134
Q24368	FBgn0011604
Q24371	FBgn0013548
Q24372	FBgn0010238
Q24388	FBgn0002565
Q24395	FBgn0014865
Q24400	FBgn0014863
Q24407	FBgn0016119
Q24418	FBgn0010399
Q24423	FBgn0005771
Q24432	FBgn0000179
Q24434	FBgn0003009
Q24437	FBgn0011667
Q24439	FBgn0016691
Q24451	FBgn0011740
Q24459	FBgn0003044
Q24472	FBgn0015799
Q24475	FBgn0011706
Q24478	FBgn0000283
Q24488	FBgn0010407
Q24491	FBgn0011305
Q24492	FBgn0010173
Q24498	FBgn0011286
Q24509	FBgn0011708
Q24522	FBgn0259176
Q24523	FBgn0259176
Q24524	FBgn0003447
Q24533	FBgn0000411
Q24535	FBgn0004101
Q24536	FBgn0015300
Q24537	FBgn0278608
Q24546	FBgn0004575
Q24547	FBgn0013343
Q24558	FBgn0015553
Q24560	FBgn0284243
Q24562	FBgn0005411
Q24563	FBgn0266137
Q24564	FBgn0086384
Q24567	FBgn0015773
Q24568	FBgn0015774
Q24570	FBgn0015946
Q24572	FBgn0263979
Q24573	FBgn0004795
Q24574	FBgn0016756
Q24583	FBgn0262512
Q24592	FBgn0004864
Q24595	FBgn0004698
Q26263	FBgn0010109
Q26307	FBgn0011746
Q26365	FBgn0003360
Q26366	FBgn0003975
Q26377	FBgn0013767
Q26416	FBgn0014454
Q26454	FBgn0015929
Q27237	FBgn0002174
Q27268	FBgn0014189
Q27272	FBgn0000617
Q27294	FBgn0285954
Q27297	FBgn0003479
Q27324	FBgn0015380
Q27331	FBgn0263598
Q27333	FBgn0011297
Q27350	FBgn0003460
Q27367	FBgn0015924
Q27368	FBgn0011766
Q27377	FBgn0011293
Q27403	FBgn0014179
Q27415	FBgn0016685
Q27421	FBgn0003016
Q27571	FBgn0011676
Q27575	FBgn0017556
Q27580	FBgn0014455
Q27589	FBgn0011576
Q27591	FBgn0010395
Q27593	FBgn0013772
Q27594	FBgn0013771
Q27597	FBgn0015623
Q27601	FBgn0004901
Q27606	FBgn0014469
Q27607	FBgn0004406
Q27869	FBgn0086768
Q27884	FBgn0003139
Q27889	FBgn0011826
Q27896	FBgn0010287
Q27934	FBgn0013725
Q2MGL3	FBgn0066304
Q2PE14	FBgn0035021
Q32KD2	FBgn0086908
Q3KN41	FBgn0038975
Q3LHL9	FBgn0051151
Q45VV3	FBgn0034970
Q4LBB6	FBgn0250910
Q4LBB9	FBgn0038063
Q4V4I9	FBgn0038199
Q4V516	FBgn0083946
Q4V5A3	FBgn0015561
Q4V5I9	FBgn0033274
Q4V5R4	FBgn0033572
Q4V622	FBgn0033058
Q4V645	FBgn0038343
Q4V6M7	FBgn0050157
Q4Z8K6	FBgn0262114
Q59DX8	FBgn0037747
Q59DY5	FBgn0053533
Q59DY6	FBgn0053532
Q59E04	FBgn0041707
Q59E36	FBgn0261573
Q59E55	FBgn0259986
Q5BI31	FBgn0025388
Q5BI42	FBgn0034498
Q5EAK6	FBgn0045035
Q5LJP9	FBgn0032997
Q5LJZ2	FBgn0040022
Q6AWG9	FBgn0034300
Q6AWJ9	FBgn0004839
Q6AWN0	FBgn0052068
Q6IDD9	FBgn0262579
Q6IGX9	FBgn0053527
Q6J5K9	FBgn0041164
Q6NL34	FBgn0031782
Q6NLL1	FBgn0033177
Q6NN40	FBgn0033457
Q6NN55	FBgn0033476
Q6NN85	FBgn0029157
Q6NNF2	FBgn0266377
Q6NP60	FBgn0037153
Q6NR09	FBgn0053993
Q6WV16	FBgn0035375
Q6WV17	FBgn0031681
Q6WV19	FBgn0031530
Q6WV20	FBgn0034025
Q709R6	FBgn0037719
Q70PP2	FBgn0263968
Q70PY2	FBgn0043578
Q76NQ1	FBgn0041723
Q7JQ32	FBgn0266136
Q7JQF1	FBgn0024944
Q7JQW6	FBgn0029158
Q7JR49	FBgn0262515
Q7JR71	FBgn0033631
Q7JRE4	FBgn0034962
Q7JRJ1	FBgn0033166
Q7JRP4	FBgn0033610
Q7JUN3	FBgn0039890
Q7JUR5	FBgn0033459
Q7JUR6	FBgn0042135
Q7JUX9	FBgn0034351
Q7JUY7	FBgn0029092
Q7JV70	FBgn0033928
Q7JVA5	FBgn0266708
Q7JVE7	FBgn0025469
Q7JVI3	FBgn0033902
Q7JVL3	FBgn0050342
Q7JVP4	FBgn0033155
Q7JVR7	FBgn0040754
Q7JW12	FBgn0034455
Q7JW27	FBgn0033692
Q7JWD3	FBgn0033191
Q7JWG9	FBgn0033208
Q7JWR9	FBgn0033317
Q7JWW5	FBgn0033375
Q7JX57	FBgn0062440
Q7JXA8	FBgn0004400
Q7JXF5	FBgn0034118
Q7JXF7	FBgn0263260
Q7JXG9	FBgn0033638
Q7JXV9	FBgn0022027
Q7JYV2	FBgn0033876
Q7JYV7	FBgn0033754
Q7JYX0	FBgn0033817
Q7JZB4	FBgn0037279
Q7JZM8	FBgn0034001
Q7JZV0	FBgn0086519
Q7K0D8	FBgn0033264
Q7K0E3	FBgn0259483
Q7K0F0	FBgn0034402
Q7K0L4	FBgn0037094
Q7K0P4	FBgn0033088
Q7K0S9	FBgn0033782
Q7K0Y1	FBgn0028744
Q7K175	FBgn0033686
Q7K1U0	FBgn0033926
Q7K1V5	FBgn0037374
Q7K1Y4	FBgn0033972
Q7K1Z5	FBgn0034061
Q7K237	FBgn0032078
Q7K284	FBgn0033842
Q7K2B0	FBgn0034422
Q7K2D2	FBgn0021825
Q7K2G1	FBgn0033886
Q7K2X8	FBgn0033247
Q7K2Y9	FBgn0034046
Q7K3B9	FBgn0033994
Q7K3D8	FBgn0034537
Q7K3L1	FBgn0033845
Q7K3M5	FBgn0033160
Q7K480	FBgn0263144
Q7K486	FBgn0034315
Q7K4B3	FBgn0033540
Q7K4B4	FBgn0033740
Q7K4B6	FBgn0020312
Q7K4H4	FBgn0266570
Q7K4M4	FBgn0086350
Q7K4N3	FBgn0022942
Q7K4Q5	FBgn0033021
Q7K4V4	FBgn0285962
Q7K4W1	FBgn0034214
Q7K4Y6	FBgn0034136
Q7K4Z4	FBgn0013983
Q7K550	FBgn0027619
Q7K556	FBgn0284257
Q7K566	FBgn0036199
Q7K5K3	FBgn0039635
Q7K5M0	FBgn0033033
Q7K5N4	FBgn0262166
Q7K738	FBgn0026316
Q7K7A9	FBgn0025832
Q7KBL8	FBgn0001276
Q7KHG2	FBgn0086655
Q7KIN0	FBgn0034476
Q7KKH3	FBgn0033379
Q7KLV9	FBgn0028689
Q7KM13	FBgn0027788
Q7KMJ6	FBgn0027548
Q7KML2	FBgn0027572
Q7KN62	FBgn0286784
Q7KN79	FBgn0027525
Q7KN90	FBgn0027091
Q7KNA0	FBgn0027607
Q7KNF2	FBgn0005648
Q7KNS3	FBgn0015754
Q7KPA5	FBgn0002716
Q7KQM6	FBgn0039936
Q7KQZ4	FBgn0283521
Q7KR04	FBgn0033555
Q7KR10	FBgn0053503
Q7KRI2	FBgn0022238
Q7KRR5	FBgn0033050
Q7KRS9	FBgn0039863
Q7KRU8	FBgn0015222
Q7KRW1	FBgn0039668
Q7KRW8	FBgn0039600
Q7KRY6	FBgn0027889
Q7KRY7	FBgn0263289
Q7KS38	FBgn0039129
Q7KSC4	FBgn0038662
Q7KSD8	FBgn0263738
Q7KT91	FBgn0028916
Q7KTH8	FBgn0261437
Q7KTX7	FBgn0041100
Q7KTX8	FBgn0003415
Q7KU24	FBgn0250786
Q7KU86	FBgn0053276
Q7KUD5	FBgn0044048
Q7KUT2	FBgn0036892
Q7KV12	FBgn0053236
Q7KV12	FBgn0053240
Q7KV12	FBgn0053244
Q7KV12	FBgn0053245
Q7KV13	FBgn0053237
Q7KV14	FBgn0053238
Q7KV15	FBgn0053239
Q7KV15	FBgn0053241
Q7KV19	FBgn0053243
Q7KV22	FBgn0053246
Q7KV23	FBgn0053247
Q7KVA1	FBgn0015360
Q7KVH9	FBgn0034894
Q7KVQ0	FBgn0011824
Q7KVS9	FBgn0030049
Q7KVW5	FBgn0029761
Q7KVY7	FBgn0024980
Q7KW09	FBgn0023515
Q7KW14	FBgn0023531
Q7KW39	FBgn0023537
Q7M3K2	FBgn0013311
Q7M3M8	FBgn0004878
Q7PLI2	FBgn0026401
Q7PLI7	FBgn0261387
Q7PLK0	FBgn0250816
Q7PLS8	FBgn0262117
Q7YTY6	FBgn0028988
Q7YU24	FBgn0029870
Q7YU29	FBgn0260003
Q7YU81	FBgn0015371
Q7YZA2	FBgn0030091
Q7YZH1	FBgn0035106
Q7Z020	FBgn0035934
Q7Z2C4	FBgn0030350
Q867Z4	FBgn0283521
Q868T3	FBgn0039396
Q868Z9	FBgn0003137
Q86B47	FBgn0027602
Q86B53	FBgn0053172
Q86B61	FBgn0010329
Q86B79	FBgn0004395
Q86B87	FBgn0002781
Q86B91	FBgn0261649
Q86BA1	FBgn0053208
Q86BE9	FBgn0053198
Q86BF9	FBgn0034766
Q86BJ3	FBgn0003089
Q86BL4	FBgn0064115
Q86BN8	FBgn0039111
Q86BP6	FBgn0036574
Q86BS6	FBgn0035247
Q86BY9	FBgn0250850
Q86DS1	FBgn0029676
Q86LG1	FBgn0030795
Q86NP2	FBgn0038872
Q86P48	FBgn0039946
Q86PC9	FBgn0015721
Q86PD7	FBgn0036999
Q86S05	FBgn0020279
Q8I0G5	FBgn0028968
Q8I0P1	FBgn0039141
Q8I7C3	FBgn0063485
Q8I7P9	FBgn0025875
Q8I7Q0	FBgn0025876
Q8I7Z8	FBgn0045852
Q8I8U7	FBgn0053554
Q8I8V0	FBgn0037555
Q8I9B4	FBgn0053192
Q8IA41	FBgn0036528
Q8IA42	FBgn0051956
Q8IA43	FBgn0051776
Q8IA44	FBgn0036527
Q8IFW4	FBgn0029752
Q8IGJ0	FBgn0086784
Q8IH00	FBgn0261286
Q8IH18	FBgn0052016
Q8IH24	FBgn0037262
Q8IMA8	FBgn0085432
Q8IMC6	FBgn0039908
Q8IMM9	FBgn0051053
Q8IMN5	FBgn0046885
Q8IMN6	FBgn0046886
Q8IMP6	FBgn0027574
Q8IMQ6	FBgn0041224
Q8IMU4	FBgn0051115
Q8IMX7	FBgn0039140
Q8IMZ5	FBgn0041225
Q8IMZ9	FBgn0039003
Q8IN23	FBgn0045470
Q8IN35	FBgn0038880
Q8IN41	FBgn0044810
Q8IN42	FBgn0044809
Q8IN43	FBgn0044812
Q8IN44	FBgn0028396
Q8IN58	FBgn0045471
Q8IN78	FBgn0051229
Q8IN81	FBgn0004652
Q8IN94	FBgn0261885
Q8INB9	FBgn0010379
Q8INF0	FBgn0038295
Q8INF2	FBgn0067628
Q8INF7	FBgn0288976
Q8INI8	FBgn0013277
Q8INK6	FBgn0037906
Q8INK9	FBgn0267376
Q8INM3	FBgn0037810
Q8INM9	FBgn0045473
Q8INQ7	FBgn0051460
Q8INR6	FBgn0264495
Q8INT5	FBgn0023090
Q8INV7	FBgn0053117
Q8INX3	FBgn0032698
Q8INZ1	FBgn0046888
Q8INZ2	FBgn0045485
Q8IP68	FBgn0051813
Q8IPH9	FBgn0264087
Q8IPJ3	FBgn0031857
Q8IPK4	FBgn0051915
Q8IPM8	FBgn0041605
Q8IPU5	FBgn0045474
Q8IPW2	FBgn0010583
Q8IPX7	FBgn0260648
Q8IQ05	FBgn0015376
Q8IQ13	FBgn0051957
Q8IQ27	FBgn0031187
Q8IQ56	FBgn0044419
Q8IQ70	FBgn0042185
Q8IQ72	FBgn0041232
Q8IQC1	FBgn0035944
Q8IQF1	FBgn0263241
Q8IQG1	FBgn0259481
Q8IQQ4	FBgn0053052
Q8IQV9	FBgn0031078
Q8IR45	FBgn0052590
Q8IR79	FBgn0283712
Q8IRB5	FBgn0052251
Q8IRC7	FBgn0013751
Q8IRE4	FBgn0052281
Q8IRG6	FBgn0002183
Q8IRH5	FBgn0035213
Q8IRI6	FBgn0264574
Q8IRJ8	FBgn0035110
Q8IRL8	FBgn0052693
Q8IRR1	FBgn0052751
Q8IRR5	FBgn0029783
Q8IRU4	FBgn0000479
Q8IRW8	FBgn0023518
Q8IRY7	FBgn0020381
Q8IRZ5	FBgn0062565
Q8IS44	FBgn0053517
Q8ITC7	FBgn0037100
Q8ITC9	FBgn0038201
Q8MKJ4	FBgn0043534
Q8MKK0	FBgn0043535
Q8MKK4	FBgn0033644
Q8MKL1	FBgn0050010
Q8MKN0	FBgn0050493
Q8MKW7	FBgn0028426
Q8ML92	FBgn0050476
Q8MLL3	FBgn0033086
Q8MLV1	FBgn0034657
Q8MLY8	FBgn0039713
Q8MLZ7	FBgn0020414
Q8MM24	FBgn0020416
Q8MMC4	FBgn0022343
Q8MMF9	FBgn0043536
Q8MPP0	FBgn0036101
Q8MPP3	FBgn0033438
Q8MQI6	FBgn0063670
Q8MQJ9	FBgn0010300
Q8MQW8	FBgn0085443
Q8MQX9	FBgn0028343
Q8MR31	FBgn0024728
Q8MR37	FBgn0040765
Q8MR45	FBgn0033431
Q8MR62	FBgn0036237
Q8MRC9	FBgn0050463
Q8MRQ4	FBgn0037689
Q8MRW5	FBgn0039225
Q8MS27	FBgn0038923
Q8MS59	FBgn0039620
Q8MSF5	FBgn0262116
Q8MSG8	FBgn0038704
Q8MSS1	FBgn0029688
Q8MSU3	FBgn0034067
Q8MSU4	FBgn0037371
Q8MSV2	FBgn0052423
Q8MSW4	FBgn0036856
Q8MSX1	FBgn0004875
Q8MSX2	FBgn0024330
Q8MSY4	FBgn0034380
Q8MT06	FBgn0038473
Q8MT08	FBgn0029667
Q8MT36	FBgn0039559
Q8MT80	FBgn0266438
Q8MUJ1	FBgn0033483
Q8MV48	FBgn0030930
Q8MVS5	FBgn0001970
Q8MYL1	FBgn0038827
Q8MYY6	FBgn0039596
Q8MZC4	FBgn0039360
Q8ST83	FBgn0002521
Q8SWR2	FBgn0052137
Q8SWR3	FBgn0029768
Q8SWR8	FBgn0041188
Q8SWU7	FBgn0030151
Q8SWV6	FBgn0263278
Q8SWX0	FBgn0036826
Q8SX37	FBgn0030670
Q8SX68	FBgn0034308
Q8SX83	FBgn0016977
Q8SX86	FBgn0035461
Q8SXD4	FBgn0052676
Q8SXL2	FBgn0038147
Q8SXQ7	FBgn0035977
Q8SXT3	FBgn0034262
Q8SXX4	FBgn0261555
Q8SXY6	FBgn0045866
Q8SY33	FBgn0051992
Q8SY41	FBgn0266019
Q8SY61	FBgn0034470
Q8SY72	FBgn0053169
Q8SY96	FBgn0285970
Q8SY96	FBgn0052857
Q8SY96	FBgn0053502
Q8SYD0	FBgn0032744
Q8SYG2	FBgn0027055
Q8SYK5	FBgn0031434
Q8SYS7	FBgn0262115
Q8SYV9	FBgn0052476
Q8SZ16	FBgn0038437
Q8SZ63	FBgn0039188
Q8SZA8	FBgn0035529
Q8SZZ8	FBgn0038860
Q8T045	FBgn0086253
Q8T053	FBgn0014931
Q8T062	FBgn0038818
Q8T079	FBgn0043456
Q8T088	FBgn0037943
Q8T0B1	FBgn0036090
Q8T0D4	FBgn0028980
Q8T0G4	FBgn0039994
Q8T0Q4	FBgn0086656
Q8T0R7	FBgn0064237
Q8T0S6	FBgn0261456
Q8T390	FBgn0038659
Q8T3L6	FBgn0036691
Q8T3U2	FBgn0033912
Q8T3X9	FBgn0026666
Q8T3Y0	FBgn0259794
Q8T498	FBgn0261570
Q8T4E1	FBgn0023545
Q8T4F7	FBgn0000578
Q8T626	FBgn0024510
Q8T6B9	FBgn0028577
Q8T8L8	FBgn0052076
Q8T8R1	FBgn0034802
Q8T8S1	FBgn0033784
Q8T913	FBgn0037781
Q8T9B6	FBgn0004132
Q8WSF3	FBgn0045063
Q8WTC1	FBgn0026261
Q94511	FBgn0017566
Q94514	FBgn0019624
Q94515	FBgn0001941
Q94516	FBgn0019644
Q94517	FBgn0015805
Q94518	FBgn0086904
Q94519	FBgn0011361
Q94521	FBgn0287831
Q94522	FBgn0004888
Q94523	FBgn0261439
Q94524	FBgn0024432
Q94526	FBgn0017561
Q94527	FBgn0014018
Q94529	FBgn0019982
Q94535	FBgn0017457
Q94545	FBgn0000139
Q94546	FBgn0019637
Q94547	FBgn0017550
Q94887	FBgn0013997
Q94890	FBgn0016660
Q94899	FBgn0013746
Q94900	FBgn0024963
Q94901	FBgn0011640
Q94913	FBgn0015801
Q94915	FBgn0016715
Q94918	FBgn0003984
Q94920	FBgn0004363
Q94981	FBgn0017418
Q95028	FBgn0001258
Q95029	FBgn0013770
Q95078	FBgn0010383
Q95083	FBgn0016697
Q95NH6	FBgn0041579
Q95R48	FBgn0086365
Q95RA8	FBgn0038965
Q95RA9	FBgn0038149
Q95RC0	FBgn0024362
Q95RG8	FBgn0033539
Q95RI5	FBgn0014163
Q95RJ9	FBgn0263933
Q95RN0	FBgn0038013
Q95RQ4	FBgn0265192
Q95RQ8	FBgn0034878
Q95RR8	FBgn0035397
Q95RU0	FBgn0011204
Q95RV2	FBgn0026257
Q95RW8	FBgn0025360
Q95RX5	FBgn0037655
Q95SK3	FBgn0050291
Q95SP2	FBgn0039875
Q95SS8	FBgn0035805
Q95ST2	FBgn0036141
Q95SX7	FBgn0044506
Q95SX8	FBgn0036039
Q95T10	FBgn0038268
Q95T12	FBgn0261722
Q95T19	FBgn0051133
Q95T64	FBgn0035975
Q95TJ9	FBgn0039858
Q95TN1	FBgn0032204
Q95TN4	FBgn0032258
Q95TS5	FBgn0036570
Q95TU8	FBgn0034013
Q95U54	FBgn0037301
Q95UN8	FBgn0030018
Q95V55	FBgn0038197
Q95YI5	FBgn0042641
Q960C5	FBgn0032633
Q960E8	FBgn0033929
Q960N3	FBgn0000351
Q960T2	FBgn0013334
Q960V3	FBgn0262872
Q960W6	FBgn0034142
Q960X4	FBgn0026080
Q960X8	FBgn0031450
Q960Z0	FBgn0030268
Q961C9	FBgn0050404
Q961D9	FBgn0039907
Q961G1	FBgn0031536
Q961J5	FBgn0033778
Q967D7	FBgn0010473
Q967S7	FBgn0044442
Q99323	FBgn0287873
Q9BIR7	FBgn0013279
Q9BIS2	FBgn0013278
Q9BJZ5	FBgn0023441
Q9GN97	FBgn0260458
Q9GNK5	FBgn0035976
Q9GNL3	FBgn0030090
Q9GPJ1	FBgn0262717
Q9GQF1	FBgn0024187
Q9GQN0	FBgn0053180
Q9GQN5	FBgn0039338
Q9GQQ0	FBgn0086676
Q9GSR1	FBgn0002891
Q9GU68	FBgn0285952
Q9GYU7	FBgn0036581
Q9GYU8	FBgn0026207
Q9GYV5	FBgn0041205
Q9GYV9	FBgn0051390
Q9I7D3	FBgn0042134
Q9I7F7	FBgn0263998
Q9I7H9	FBgn0265189
Q9I7I0	FBgn0015625
Q9I7I7	FBgn0038788
Q9I7K0	FBgn0051363
Q9I7K5	FBgn0069242
Q9I7K6	FBgn0037624
Q9I7M2	FBgn0032818
Q9I7S6	FBgn0259171
Q9I7S8	FBgn0020513
Q9I7T7	FBgn0035424
Q9I7U4	FBgn0086906
Q9I7W5	FBgn0029755
Q9I7X6	FBgn0023522
Q9I816	FBgn0041626
Q9N2M8	FBgn0010113
Q9N2P6	FBgn0053200
Q9N658	FBgn0002573
Q9NB04	FBgn0067864
Q9NB71	FBgn0030600
Q9NBD7	FBgn0021760
Q9NBK5	FBgn0003744
Q9NBW1	FBgn0027342
Q9NBX4	FBgn0041612
Q9NBX5	FBgn0041613
Q9NDJ2	FBgn0020306
Q9NDM2	FBgn0046687
Q9NEF6	FBgn0040377
Q9NFP1	FBgn0040069
Q9NFP5	FBgn0035772
Q9NFT7	FBgn0042710
Q9NFT9	FBgn0042711
Q9NFU0	FBgn0028734
Q9NFZ3	FBgn0267252
Q9NG98	FBgn0040268
Q9NGC3	FBgn0028509
Q9NGX9	FBgn0000449
Q9NHA8	FBgn0040321
Q9NHB0	FBgn0040323
Q9NHD5	FBgn0024188
Q9NHE5	FBgn0053653
Q9NHV9	FBgn0040068
Q9NHX0	FBgn0040291
Q9NI63	FBgn0040298
Q9NII1	FBgn0026086
Q9NIP6	FBgn0039722
Q9NIV1	FBgn0037327
Q9NIV2	FBgn0044817
Q9NJB5	FBgn0028996
Q9NJG9	FBgn0020887
Q9NJH0	FBgn0029176
Q9NK54	FBgn0000307
Q9NK57	FBgn0014092
Q9NKV0	FBgn0034051
Q9NLA6	FBgn0011818
Q9TVM2	FBgn0020497
Q9TVP3	FBgn0027654
Q9TVQ5	FBgn0028683
Q9U1H0	FBgn0262582
Q9U1H8	FBgn0029121
Q9U1H9	FBgn0003321
Q9U1I1	FBgn0263934
Q9U1K1	FBgn0003475
Q9U1M2	FBgn0040384
Q9U3V5	FBgn0028979
Q9U3V9	FBgn0286809
Q9U3W6	FBgn0029003
Q9U3Z7	FBgn0286786
Q9U405	FBgn0001133
Q9U4F3	FBgn0029117
Q9U4G1	FBgn0028482
Q9U4H5	FBgn0000077
Q9U4L6	FBgn0016041
Q9U5L1	FBgn0010391
Q9U5V6	FBgn0028377
Q9U5W9	FBgn0028398
Q9U616	FBgn0027945
Q9U6A0	FBgn0028704
Q9U6B8	FBgn0041585
Q9U6L4	FBgn0015558
Q9U6L5	FBgn0004181
Q9U6M0	FBgn0028436
Q9U6Y9	FBgn0015925
Q9U915	FBgn0283494
Q9U969	FBgn0003656
Q9U9P7	FBgn0027872
Q9U9Q4	FBgn0022023
Q9UAS6	FBgn0026309
Q9V333	FBgn0033233
Q9V345	FBgn0027054
Q9V359	FBgn0021814
Q9V399	FBgn0001992
Q9V3A4	FBgn0002022
Q9V3A6	FBgn0261274
Q9V3B4	FBgn0038928
Q9V3B6	FBgn0040235
Q9V3C0	FBgn0015331
Q9V3C1	FBgn0041174
Q9V3C5	FBgn0028500
Q9V3D2	FBgn0021944
Q9V3D4	FBgn0020415
Q9V3D5	FBgn0016930
Q9V3D6	FBgn0027873
Q9V3F3	FBgn0028530
Q9V3G1	FBgn0261602
Q9V3G3	FBgn0028382
Q9V3G6	FBgn0260444
Q9V3G7	FBgn0028688
Q9V3H2	FBgn0028694
Q9V3H8	FBgn0028411
Q9V3I2	FBgn0014010
Q9V3I5	FBgn0020412
Q9V3I8	FBgn0027864
Q9V3J1	FBgn0027779
Q9V3J3	FBgn0011670
Q9V3J4	FBgn0024509
Q9V3J8	FBgn0040066
Q9V3K3	FBgn0040075
Q9V3L1	FBgn0020251
Q9V3L6	FBgn0022943
Q9V3N1	FBgn0028990
Q9V3N2	FBgn0026388
Q9V3N8	FBgn0283659
Q9V3P0	FBgn0040309
Q9V3P6	FBgn0028692
Q9V3Q2	FBgn0028946
Q9V3Q6	FBgn0026323
Q9V3R1	FBgn0011559
Q9V3R6	FBgn0028658
Q9V3R8	FBgn0028375
Q9V3S0	FBgn0010019
Q9V3S9	FBgn0027348
Q9V3T9	FBgn0015582
Q9V3U0	FBgn0286723
Q9V3U2	FBgn0029148
Q9V3U9	FBgn0029161
Q9V3V7	FBgn0087021
Q9V3W0	FBgn0086691
Q9V3W6	FBgn0027106
Q9V3X4	FBgn0040336
Q9V3X5	FBgn0028481
Q9V3Y0	FBgn0261881
Q9V3Y2	FBgn0001977
Q9V3Y3	FBgn0261534
Q9V3Z1	FBgn0028978
Q9V3Z2	FBgn0037515
Q9V3Z6	FBgn0000317
Q9V407	FBgn0026597
Q9V410	FBgn0040344
Q9V411	FBgn0028473
Q9V412	FBgn0028919
Q9V419	FBgn0028940
Q9V422	FBgn0024245
Q9V427	FBgn0027108
Q9V429	FBgn0040070
Q9V431	FBgn0286781
Q9V438	FBgn0025678
Q9V439	FBgn0040339
Q9V444	FBgn0043002
Q9V447	FBgn0266449
Q9V452	FBgn0043001
Q9V460	FBgn0040273
Q9V461	FBgn0025815
Q9V463	FBgn0021761
Q9V464	FBgn0029094
Q9V466	FBgn0027868
Q9V468	FBgn0027866
Q9V477	FBgn0029114
Q9V492	FBgn0039930
Q9V496	FBgn0087002
Q9V498	FBgn0039928
Q9V4A7	FBgn0025740
Q9V4C0	FBgn0039896
Q9V4C8	FBgn0039904
Q9V4F9	FBgn0039923
Q9V4I0	FBgn0015038
Q9V4I1	FBgn0015039
Q9V4K2	FBgn0041243
Q9V4L4	FBgn0040513
Q9V4M2	FBgn0259745
Q9V4N3	FBgn0264294
Q9V4P1	FBgn0261385
Q9V4Q0	FBgn0033202
Q9V4Q8	FBgn0033210
Q9V4S8	FBgn0028836
Q9V4T3	FBgn0033292
Q9V4T5	FBgn0015034
Q9V4U7	FBgn0033302
Q9V4U9	FBgn0033304
Q9V4W1	FBgn0033316
Q9V4X2	FBgn0043575
Q9V4Z9	FBgn0002552
Q9V521	FBgn0033367
Q9V535	FBgn0033378
Q9V557	FBgn0033395
Q9V558	FBgn0015037
Q9V559	FBgn0033397
Q9V564	FBgn0033401
Q9V568	FBgn0033404
Q9V574	FBgn0016970
Q9V576	FBgn0016078
Q9V579	FBgn0033413
Q9V589	FBgn0033422
Q9V595	FBgn0033428
Q9V597	FBgn0285949
Q9V5C6	FBgn0023175
Q9V5E1	FBgn0283510
Q9V5L3	FBgn0033524
Q9V5M3	FBgn0283521
Q9V5M6	FBgn0283521
Q9V5N8	FBgn0024836
Q9V5P6	FBgn0033548
Q9V5Q4	FBgn0033556
Q9V5Z7	FBgn0015872
Q9V629	FBgn0260932
Q9V637	FBgn0033669
Q9V668	FBgn0033691
Q9V674	FBgn0025454
Q9V675	FBgn0033696
Q9V676	FBgn0033697
Q9V677	FBgn0033698
Q9V6A9	FBgn0033727
Q9V6B9	FBgn0033737
Q9V6D6	FBgn0033753
Q9V6G5	FBgn0026619
Q9V6H1	FBgn0033775
Q9V6H2	FBgn0028963
Q9V6K1	FBgn0020370
Q9V6K3	FBgn0020391
Q9V6L0	FBgn0053182
Q9V6L9	FBgn0043010
Q9V6Q2	FBgn0040477
Q9V6U8	FBgn0263697
Q9V6U9	FBgn0033883
Q9V6X7	FBgn0033901
Q9V6Y3	FBgn0033907
Q9V719	FBgn0033935
Q9V726	FBgn0024698
Q9V727	FBgn0261823
Q9V730	FBgn0265974
Q9V751	FBgn0041581
Q9V769	FBgn0013773
Q9V770	FBgn0015714
Q9V771	FBgn0033978
Q9V773	FBgn0033980
Q9V774	FBgn0288232
Q9V776	FBgn0033982
Q9V778	FBgn0033983
Q9V780	FBgn0033984
Q9V784	FBgn0033989
Q9V785	FBgn0033988
Q9V7A4	FBgn0034005
Q9V7A7	FBgn0034008
Q9V7D2	FBgn0022097
Q9V7G5	FBgn0034053
Q9V7H4	FBgn0034060
Q9V7N5	FBgn0287825
Q9V7P1	FBgn0262560
Q9V7S5	FBgn0024315
Q9V7U0	FBgn0034157
Q9V7W1	FBgn0265174
Q9V7Y2	FBgn0010591
Q9V813	FBgn0034215
Q9V817	FBgn0034219
Q9V818	FBgn0028956
Q9V831	FBgn0034231
Q9V853	FBgn0029006
Q9V877	FBgn0003545
Q9V895	FBgn0034282
Q9V8F3	FBgn0034327
Q9V8F5	FBgn0034328
Q9V8G0	FBgn0040736
Q9V8I2	FBgn0034350
Q9V8K2	FBgn0266671
Q9V8M2	FBgn0034387
Q9V8M5	FBgn0034390
Q9V8P9	FBgn0267351
Q9V8R9	FBgn0010434
Q9V8W3	FBgn0026378
Q9V8Y2	FBgn0034468
Q9V8Y7	FBgn0034473
Q9V8Y9	FBgn0034475
Q9V931	FBgn0034509
Q9V938	FBgn0050145
Q9V968	FBgn0034543
Q9V969	FBgn0041240
Q9V979	FBgn0033121
Q9V998	FBgn0022224
Q9V9A7	FBgn0042083
Q9V9A8	FBgn0028579
Q9V9E3	FBgn0033005
Q9V9I2	FBgn0033041
Q9V9I4	FBgn0033043
Q9V9J3	FBgn0264959
Q9V9K7	FBgn0033062
Q9V9L1	FBgn0033065
Q9V9M8	FBgn0032986
Q9V9N1	FBgn0259683
Q9V9N4	FBgn0032979
Q9V9P3	FBgn0032971
Q9V9S7	FBgn0039883
Q9V9S8	FBgn0266268
Q9V9U4	FBgn0261479
Q9V9V9	FBgn0039859
Q9V9W8	FBgn0043900
Q9V9X4	FBgn0039849
Q9V9Y4	FBgn0039840
Q9V9Y9	FBgn0086362
Q9V9Z1	FBgn0039835
Q9V9Z9	FBgn0039828
Q9VA00	FBgn0061476
Q9VA02	FBgn0039827
Q9VA12	FBgn0261395
Q9VA27	FBgn0015032
Q9VA37	FBgn0039802
Q9VA38	FBgn0011739
Q9VA70	FBgn0039774
Q9VA73	FBgn0028646
Q9VA83	FBgn0015221
Q9VA91	FBgn0039757
Q9VAB8	FBgn0039740
Q9VAC5	FBgn0039734
Q9VAC8	FBgn0039731
Q9VAD6	FBgn0051040
Q9VAF0	FBgn0039714
Q9VAF5	FBgn0039709
Q9VAF7	FBgn0039707
Q9VAG4	FBgn0039702
Q9VAH4	FBgn0039694
Q9VAH9	FBgn0039691
Q9VAI0	FBgn0039690
Q9VAI1	FBgn0039689
Q9VAI6	FBgn0039685
Q9VAJ3	FBgn0039679
Q9VAJ4	FBgn0039678
Q9VAK8	FBgn0039666
Q9VAL0	FBgn0040623
Q9VAM6	FBgn0062442
Q9VAM9	FBgn0039650
Q9VAN0	FBgn0014427
Q9VAN6	FBgn0041186
Q9VAP2	FBgn0039638
Q9VAP3	FBgn0039637
Q9VAQ1	FBgn0039631
Q9VAQ5	FBgn0039627
Q9VAQ7	FBgn0039626
Q9VAS7	FBgn0265274
Q9VAT2	FBgn0039601
Q9VAU9	FBgn0026400
Q9VAW0	FBgn0039582
Q9VAW5	FBgn0261618
Q9VAY3	FBgn0039561
Q9VAY7	FBgn0039557
Q9VAZ3	FBgn0039551
Q9VB08	FBgn0003330
Q9VB11	FBgn0039536
Q9VB14	FBgn0027494
Q9VB25	FBgn0004387
Q9VB26	FBgn0046887
Q9VB30	FBgn0039520
Q9VB31	FBgn0039519
Q9VB46	FBgn0015737
Q9VB62	FBgn0005696
Q9VB68	FBgn0039494
Q9VB70	FBgn0039492
Q9VB74	FBgn0039488
Q9VB98	FBgn0039466
Q9VBB3	FBgn0039459
Q9VBC7	FBgn0023179
Q9VBG6	FBgn0039417
Q9VBL6	FBgn0011668
Q9VBL7	FBgn0011669
Q9VBN7	FBgn0039357
Q9VBP3	FBgn0027508
Q9VBP9	FBgn0039348
Q9VBQ9	FBgn0039337
Q9VBU8	FBgn0039301
Q9VBV3	FBgn0039298
Q9VBV5	FBgn0039296
Q9VBW3	FBgn0022800
Q9VBW6	FBgn0039286
Q9VBW9	FBgn0039283
Q9VBX1	FBgn0259152
Q9VBX2	FBgn0039280
Q9VBY8	FBgn0266719
Q9VBZ5	FBgn0039261
Q9VBZ9	FBgn0039258
Q9VC07	FBgn0039251
Q9VC27	FBgn0039234
Q9VC35	FBgn0027539
Q9VC44	FBgn0015591
Q9VC45	FBgn0000140
Q9VC47	FBgn0004885
Q9VC49	FBgn0039218
Q9VC56	FBgn0039214
Q9VC57	FBgn0039213
Q9VC61	FBgn0039209
Q9VC70	FBgn0039201
Q9VC94	FBgn0039182
Q9VC99	FBgn0263398
Q9VCA2	FBgn0019952
Q9VCA5	FBgn0039175
Q9VCA8	FBgn0043884
Q9VCA9	FBgn0039172
Q9VCB1	FBgn0039170
Q9VCC0	FBgn0029503
Q9VCC3	FBgn0039159
Q9VCD0	FBgn0039153
Q9VCE1	FBgn0264325
Q9VCE6	FBgn0039139
Q9VCE8	FBgn0053108
Q9VCE9	FBgn0039137
Q9VCF0	FBgn0039136
Q9VCG2	FBgn0264740
Q9VCG3	FBgn0039126
Q9VCG4	FBgn0039125
Q9VCH5	FBgn0039120
Q9VCI0	FBgn0039115
Q9VCI3	FBgn0039114
Q9VCI5	FBgn0039112
Q9VCJ8	FBgn0039102
Q9VCK0	FBgn0040227
Q9VCK1	FBgn0039099
Q9VCK2	FBgn0039098
Q9VCN1	FBgn0264326
Q9VCP0	FBgn0039066
Q9VCP1	FBgn0039065
Q9VCQ3	FBgn0039058
Q9VCR3	FBgn0039054
Q9VCR6	FBgn0053193
Q9VCR7	FBgn0039045
Q9VCS8	FBgn0039034
Q9VCS9	FBgn0039033
Q9VCU5	FBgn0039020
Q9VCU7	FBgn0263143
Q9VCU9	FBgn0039016
Q9VCW0	FBgn0039007
Q9VCW1	FBgn0039006
Q9VCW3	FBgn0039004
Q9VCX1	FBgn0020278
Q9VCX3	FBgn0263863
Q9VCX4	FBgn0051159
Q9VCY3	FBgn0028837
Q9VCY8	FBgn0038984
Q9VCZ3	FBgn0038980
Q9VCZ8	FBgn0038976
Q9VD09	FBgn0038966
Q9VD25	FBgn0038951
Q9VD26	FBgn0038950
Q9VD28	FBgn0038948
Q9VD44	FBgn0038934
Q9VD51	FBgn0266581
Q9VD73	FBgn0015229
Q9VD74	FBgn0045469
Q9VD76	FBgn0041229
Q9VD83	FBgn0038901
Q9VD92	FBgn0289108
Q9VDA0	FBgn0038889
Q9VDC6	FBgn0000527
Q9VDD1	FBgn0038868
Q9VDD3	FBgn0260004
Q9VDD7	FBgn0250820
Q9VDD9	FBgn0038861
Q9VDE4	FBgn0038857
Q9VDE5	FBgn0010770
Q9VDE6	FBgn0266674
Q9VDG2	FBgn0026056
Q9VDG5	FBgn0013995
Q9VDH4	FBgn0038838
Q9VDH6	FBgn0259215
Q9VDL1	FBgn0038806
Q9VDM1	FBgn0038798
Q9VDM6	FBgn0038796
Q9VDN2	FBgn0038790
Q9VDQ0	FBgn0260466
Q9VDQ7	FBgn0243511
Q9VDR1	FBgn0038760
Q9VDS5	FBgn0038747
Q9VDS6	FBgn0038746
Q9VDT6	FBgn0038737
Q9VDV3	FBgn0038722
Q9VDW3	FBgn0260003
Q9VDW6	FBgn0260003
Q9VDY1	FBgn0289122
Q9VDZ3	FBgn0010768
Q9VDZ4	FBgn0259704
Q9VE00	FBgn0038681
Q9VE01	FBgn0038680
Q9VE04	FBgn0038678
Q9VE09	FBgn0260779
Q9VE11	FBgn0038673
Q9VE17	FBgn0261792
Q9VE34	FBgn0038651
Q9VE46	FBgn0038641
Q9VE50	FBgn0044871
Q9VE51	FBgn0261065
Q9VE61	FBgn0038627
Q9VE86	FBgn0038608
Q9VE87	FBgn0038607
Q9VEA5	FBgn0263757
Q9VEB3	FBgn0038585
Q9VEB4	FBgn0038584
Q9VEB5	FBgn0038582
Q9VEC1	FBgn0038578
Q9VEC3	FBgn0038576
Q9VED0	FBgn0038569
Q9VEG6	FBgn0261987
Q9VEG9	FBgn0038536
Q9VEI3	FBgn0038524
Q9VEI9	FBgn0264005
Q9VEJ0	FBgn0038519
Q9VEJ2	FBgn0010926
Q9VEK6	FBgn0038504
Q9VEN1	FBgn0014141
Q9VEP1	FBgn0038471
Q9VER6	FBgn0051217
Q9VES1	FBgn0038453
Q9VET0	FBgn0027109
Q9VEU0	FBgn0038440
Q9VEU1	FBgn0038439
Q9VEU5	FBgn0038436
Q9VEU6	FBgn0038435
Q9VEV4	FBgn0038427
Q9VEW2	FBgn0038421
Q9VEX0	FBgn0040271
Q9VEX5	FBgn0020407
Q9VEX6	FBgn0287225
Q9VEX9	FBgn0024491
Q9VEZ3	FBgn0027948
Q9VEZ5	FBgn0024222
Q9VF08	FBgn0038387
Q9VF26	FBgn0003483
Q9VF27	FBgn0017567
Q9VF30	FBgn0003227
Q9VF36	FBgn0038363
Q9VF59	FBgn0038342
Q9VF71	FBgn0038332
Q9VF78	FBgn0026634
Q9VF81	FBgn0038324
Q9VF87	FBgn0038320
Q9VF89	FBgn0038319
Q9VFB2	FBgn0038307
Q9VFB7	FBgn0038303
Q9VFC0	FBgn0038300
Q9VFC2	FBgn0028984
Q9VFC8	FBgn0266064
Q9VFD5	FBgn0038286
Q9VFE4	FBgn0038277
Q9VFE6	FBgn0038275
Q9VFF3	FBgn0038269
Q9VFG8	FBgn0262127
Q9VFH6	FBgn0038248
Q9VFI9	FBgn0038237
Q9VFJ0	FBgn0038236
Q9VFJ2	FBgn0038234
Q9VFJ3	FBgn0038233
Q9VFK3	FBgn0038225
Q9VFK6	FBgn0011474
Q9VFL5	FBgn0027083
Q9VFM9	FBgn0038206
Q9VFN2	FBgn0038203
Q9VFP1	FBgn0038194
Q9VFP2	FBgn0264493
Q9VFR0	FBgn0038183
Q9VFR1	FBgn0260464
Q9VFS2	FBgn0002937
Q9VFS5	FBgn0024555
Q9VFS6	FBgn0038168
Q9VFS8	FBgn0038166
Q9VFX1	FBgn0038134
Q9VFX3	FBgn0038132
Q9VG08	FBgn0038105
Q9VG09	FBgn0041710
Q9VG17	FBgn0038095
Q9VG40	FBgn0038076
Q9VG55	FBgn0028374
Q9VG58	FBgn0051354
Q9VG73	FBgn0038046
Q9VG74	FBgn0038045
Q9VG76	FBgn0038043
Q9VG82	FBgn0038037
Q9VG93	FBgn0010043
Q9VG94	FBgn0010042
Q9VG95	FBgn0010041
Q9VG96	FBgn0010040
Q9VG97	FBgn0010039
Q9VG98	FBgn0010038
Q9VGA2	FBgn0038018
Q9VGB3	FBgn0038007
Q9VGB4	FBgn0038006
Q9VGB5	FBgn0038005
Q9VGC3	FBgn0037998
Q9VGC7	FBgn0037994
Q9VGE3	FBgn0037980
Q9VGE8	FBgn0037976
Q9VGG5	FBgn0037963
Q9VGG6	FBgn0037962
Q9VGG8	FBgn0037960
Q9VGH1	FBgn0003312
Q9VGH7	FBgn0051116
Q9VGI8	FBgn0002906
Q9VGJ5	FBgn0037937
Q9VGK7	FBgn0037926
Q9VGL8	FBgn0037917
Q9VGN7	FBgn0037901
Q9VGN9	FBgn0037899
Q9VGP0	FBgn0037898
Q9VGP1	FBgn0037897
Q9VGP2	FBgn0037896
Q9VGP4	FBgn0037894
Q9VGP6	FBgn0264694
Q9VGQ9	FBgn0037883
Q9VGR2	FBgn0037880
Q9VGR7	FBgn0037878
Q9VGS2	FBgn0037874
Q9VGU5	FBgn0037855
Q9VGW1	FBgn0261053
Q9VGW6	FBgn0017577
Q9VGY5	FBgn0037822
Q9VGY6	FBgn0262717
Q9VGZ0	FBgn0037817
Q9VGZ1	FBgn0037816
Q9VGZ5	FBgn0259938
Q9VGZ8	FBgn0037811
Q9VH07	FBgn0040078
Q9VH08	FBgn0037802
Q9VH14	FBgn0025879
Q9VH19	FBgn0086359
Q9VH20	FBgn0037792
Q9VH36	FBgn0037780
Q9VH38	FBgn0037778
Q9VH39	FBgn0037777
Q9VH48	FBgn0037770
Q9VH58	FBgn0037762
Q9VH69	FBgn0261599
Q9VH70	FBgn0037751
Q9VH78	FBgn0037743
Q9VH89	FBgn0278604
Q9VH90	FBgn0037734
Q9VH95	FBgn0037728
Q9VHA0	FBgn0003334
Q9VHB0	FBgn0037716
Q9VHB3	FBgn0037713
Q9VHB6	FBgn0037710
Q9VHB9	FBgn0037708
Q9VHD2	FBgn0037697
Q9VHD3	FBgn0037696
Q9VHE6	FBgn0037685
Q9VHF2	FBgn0037683
Q9VHG4	FBgn0037671
Q9VHH7	FBgn0037661
Q9VHH9	FBgn0037659
Q9VHI4	FBgn0040534
Q9VHI7	FBgn0037653
Q9VHJ6	FBgn0286204
Q9VHM2	FBgn0037622
Q9VHM6	FBgn0037618
Q9VHN3	FBgn0037611
Q9VHN5	FBgn0037609
Q9VHN6	FBgn0037608
Q9VHN9	FBgn0086679
Q9VHP0	FBgn0263231
Q9VHP4	FBgn0037601
Q9VHQ2	FBgn0037594
Q9VHQ6	FBgn0037591
Q9VHQ7	FBgn0037590
Q9VHR6	FBgn0261108
Q9VHR8	FBgn0037580
Q9VHS2	FBgn0040529
Q9VHS4	FBgn0037576
Q9VHS7	FBgn0037574
Q9VHS8	FBgn0037573
Q9VHT4	FBgn0265351
Q9VHT9	FBgn0037562
Q9VHU1	FBgn0037561
Q9VHV1	FBgn0037554
Q9VHV5	FBgn0037551
Q9VHX7	FBgn0037534
Q9VHY5	FBgn0024909
Q9VI10	FBgn0261789
Q9VI13	FBgn0267698
Q9VI20	FBgn0037442
Q9VI25	FBgn0037447
Q9VI55	FBgn0037467
Q9VI58	FBgn0037470
Q9VI60	FBgn0040670
Q9VI74	FBgn0037482
Q9VI75	FBgn0086372
Q9VI82	FBgn0037489
Q9VI85	FBgn0037492
Q9VI93	FBgn0267337
Q9VIE6	FBgn0032929
Q9VIF0	FBgn0032925
Q9VIF1	FBgn0032924
Q9VIF5	FBgn0086251
Q9VIF6	FBgn0032919
Q9VIH3	FBgn0266369
Q9VIH7	FBgn0032901
Q9VIH9	FBgn0032899
Q9VII1	FBgn0032897
Q9VII3	FBgn0032895
Q9VIK2	FBgn0032879
Q9VIK9	FBgn0032873
Q9VIL0	FBgn0261787
Q9VIM5	FBgn0032859
Q9VIP0	FBgn0032848
Q9VIP2	FBgn0032846
Q9VIP7	FBgn0045064
Q9VIP8	FBgn0003978
Q9VIQ0	FBgn0032840
Q9VIQ9	FBgn0263873
Q9VIR2	FBgn0044811
Q9VIS1	FBgn0032821
Q9VIT0	FBgn0032813
Q9VIT2	FBgn0032811
Q9VIU7	FBgn0032799
Q9VIV2	FBgn0002044
Q9VIV3	FBgn0032793
Q9VIW3	FBgn0003346
Q9VIW7	FBgn0032781
Q9VIZ0	FBgn0086447
Q9VJ07	FBgn0032749
Q9VJ26	FBgn0032731
Q9VJ29	FBgn0032728
Q9VJ33	FBgn0032725
Q9VJ34	FBgn0032724
Q9VJ38	FBgn0032720
Q9VJ62	FBgn0032701
Q9VJ71	FBgn0032693
Q9VJ79	FBgn0085370
Q9VJ83	FBgn0032682
Q9VJ87	FBgn0086707
Q9VJ97	FBgn0032671
Q9VJB6	FBgn0262018
Q9VJC7	FBgn0032646
Q9VJD2	FBgn0032642
Q9VJD3	FBgn0024689
Q9VJE4	FBgn0032634
Q9VJE5	FBgn0020503
Q9VJF2	FBgn0045486
Q9VJG0	FBgn0026150
Q9VJI9	FBgn0032597
Q9VJJ7	FBgn0032593
Q9VJK8	FBgn0028841
Q9VJL6	FBgn0028894
Q9VJN5	FBgn0001990
Q9VJN9	FBgn0028944
Q9VJQ4	FBgn0286027
Q9VJQ5	FBgn0028926
Q9VJS7	FBgn0264810
Q9VJS8	FBgn0004858
Q9VJV8	FBgn0004407
Q9VJY6	FBgn0032518
Q9VJY8	FBgn0032516
Q9VJY9	FBgn0032515
Q9VJZ7	FBgn0022069
Q9VK07	FBgn0032499
Q9VK13	FBgn0032493
Q9VK33	FBgn0032475
Q9VK34	FBgn0024291
Q9VK41	FBgn0032470
Q9VK45	FBgn0021796
Q9VK50	FBgn0040506
Q9VK68	FBgn0032445
Q9VK71	FBgn0004394
Q9VK89	FBgn0032430
Q9VK91	FBgn0032428
Q9VKA0	FBgn0032421
Q9VKA4	FBgn0051760
Q9VKA5	FBgn0032416
Q9VKB4	FBgn0032408
Q9VKB9	FBgn0027505
Q9VKD3	FBgn0032393
Q9VKD6	FBgn0032390
Q9VKD7	FBgn0261266
Q9VKG9	FBgn0032362
Q9VKH0	FBgn0287204
Q9VKH6	FBgn0032358
Q9VKI3	FBgn0014076
Q9VKJ0	FBgn0040211
Q9VKJ1	FBgn0032348
Q9VKJ3	FBgn0262647
Q9VKJ7	FBgn0041246
Q9VKJ8	FBgn0032343
Q9VKJ9	FBgn0261983
Q9VKK1	FBgn0283682
Q9VKK2	FBgn0032339
Q9VKM1	FBgn0004872
Q9VKM6	FBgn0032321
Q9VKN7	FBgn0024227
Q9VKQ3	FBgn0032298
Q9VKQ6	FBgn0032296
Q9VKQ9	FBgn0032293
Q9VKU7	FBgn0026431
Q9VKV5	FBgn0032250
Q9VKV8	FBgn0032248
Q9VKW2	FBgn0005683
Q9VKX4	FBgn0032236
Q9VKX7	FBgn0032234
Q9VKY1	FBgn0032230
Q9VKY2	FBgn0027568
Q9VKY8	FBgn0032224
Q9VL00	FBgn0032214
Q9VL06	FBgn0032208
Q9VL13	FBgn0259482
Q9VL14	FBgn0032202
Q9VL18	FBgn0032198
Q9VL25	FBgn0032194
Q9VL31	FBgn0032189
Q9VL32	FBgn0028675
Q9VL52	FBgn0051755
Q9VL59	FBgn0032169
Q9VL63	FBgn0051712
Q9VL72	FBgn0032157
Q9VL76	FBgn0032154
Q9VL78	FBgn0029174
Q9VL84	FBgn0065109
Q9VL86	FBgn0032144
Q9VL92	FBgn0015035
Q9VL96	FBgn0032138
Q9VLA1	FBgn0032135
Q9VLA2	FBgn0019809
Q9VLC0	FBgn0011232
Q9VLC1	FBgn0032117
Q9VLD6	FBgn0032105
Q9VLE5	FBgn0032096
Q9VLF6	FBgn0040964
Q9VLJ0	FBgn0032059
Q9VLJ6	FBgn0016122
Q9VLJ8	FBgn0032054
Q9VLJ9	FBgn0032053
Q9VLK2	FBgn0032050
Q9VLK4	FBgn0032048
Q9VLK8	FBgn0285971
Q9VLL0	FBgn0027780
Q9VLL3	FBgn0027932
Q9VLM5	FBgn0263852
Q9VLM6	FBgn0032034
Q9VLM8	FBgn0027094
Q9VLN1	FBgn0032030
Q9VLP3	FBgn0032020
Q9VLP4	FBgn0262598
Q9VLP7	FBgn0032016
Q9VLP9	FBgn0032014
Q9VLQ1	FBgn0261020
Q9VLR5	FBgn0015299
Q9VLR9	FBgn0031997
Q9VLS1	FBgn0031995
Q9VLS9	FBgn0031987
Q9VLT1	FBgn0031985
Q9VLT5	FBgn0011230
Q9VLT8	FBgn0031979
Q9VLU0	FBgn0031977
Q9VLU4	FBgn0031973
Q9VLU5	FBgn0031972
Q9VLU6	FBgn0031971
Q9VLV5	FBgn0261790
Q9VLV7	FBgn0031959
Q9VLW2	FBgn0031955
Q9VLZ7	FBgn0031925
Q9VM08	FBgn0045495
Q9VM09	FBgn0041247
Q9VM17	FBgn0031909
Q9VM21	FBgn0031905
Q9VM33	FBgn0263133
Q9VM35	FBgn0031896
Q9VM46	FBgn0266666
Q9VM51	FBgn0031881
Q9VM60	FBgn0031875
Q9VM64	FBgn0031872
Q9VM65	FBgn0031871
Q9VM71	FBgn0031868
Q9VM75	FBgn0086451
Q9VM90	FBgn0031855
Q9VM91	FBgn0031854
Q9VM92	FBgn0031853
Q9VM95	FBgn0031851
Q9VMA0	FBgn0031848
Q9VMA2	FBgn0263200
Q9VMA3	FBgn0000392
Q9VMA7	FBgn0286898
Q9VMC8	FBgn0031822
Q9VMC9	FBgn0287695
Q9VMD0	FBgn0031820
Q9VMD5	FBgn0031815
Q9VMD6	FBgn0031814
Q9VMD9	FBgn0011722
Q9VMG0	FBgn0031791
Q9VMH0	FBgn0261697
Q9VMH7	FBgn0031777
Q9VMJ7	FBgn0031759
Q9VMK1	FBgn0031757
Q9VML1	FBgn0015381
Q9VML9	FBgn0085410
Q9VMM6	FBgn0031737
Q9VMN5	FBgn0031728
Q9VMP9	FBgn0031717
Q9VMQ5	FBgn0031713
Q9VMQ7	FBgn0031711
Q9VMR8	FBgn0031701
Q9VMS7	FBgn0031695
Q9VMS8	FBgn0031694
Q9VMS9	FBgn0031693
Q9VMT5	FBgn0031689
Q9VMT6	FBgn0031688
Q9VMU4	FBgn0261608
Q9VMU5	FBgn0028572
Q9VMU8	FBgn0031676
Q9VMV6	FBgn0031670
Q9VMW7	FBgn0031663
Q9VMW8	FBgn0031662
Q9VMW9	FBgn0031661
Q9VMX0	FBgn0031660
Q9VMX1	FBgn0031659
Q9VMX6	FBgn0031655
Q9VMY1	FBgn0031651
Q9VMY9	FBgn0261436
Q9VN03	FBgn0037232
Q9VN12	FBgn0037238
Q9VN13	FBgn0037239
Q9VN14	FBgn0037240
Q9VN19	FBgn0086605
Q9VN25	FBgn0037249
Q9VN27	FBgn0037251
Q9VN41	FBgn0037263
Q9VN45	FBgn0037265
Q9VN50	FBgn0037270
Q9VN91	FBgn0087005
Q9VN93	FBgn0260462
Q9VN95	FBgn0037305
Q9VN97	FBgn0037307
Q9VNA0	FBgn0037310
Q9VNA4	FBgn0037313
Q9VNA5	FBgn0250746
Q9VNA8	FBgn0086695
Q9VNB3	FBgn0037322
Q9VNB5	FBgn0037324
Q9VND8	FBgn0041191
Q9VNE1	FBgn0037345
Q9VNE2	FBgn0250753
Q9VNE7	FBgn0044823
Q9VNE9	FBgn0037351
Q9VNG0	FBgn0037359
Q9VNG1	FBgn0037360
Q9VNH1	FBgn0037368
Q9VNH6	FBgn0266672
Q9VNI3	FBgn0037377
Q9VNJ5	FBgn0029088
Q9VNK9	FBgn0037399
Q9VNL3	FBgn0037402
Q9VNL4	FBgn0051559
Q9VNM1	FBgn0037408
Q9VNP5	FBgn0037205
Q9VNS0	FBgn0016034
Q9VNT5	FBgn0037170
Q9VNV3	FBgn0015075
Q9VNX1	FBgn0037141
Q9VNX8	FBgn0037135
Q9VNZ8	FBgn0037116
Q9VP04	FBgn0037110
Q9VP05	FBgn0037109
Q9VP22	FBgn0037093
Q9VP47	FBgn0037073
Q9VP48	FBgn0086913
Q9VP61	FBgn0012034
Q9VP65	FBgn0037061
Q9VP76	FBgn0024150
Q9VP95	FBgn0037036
Q9VPB1	FBgn0037026
Q9VPC0	FBgn0016696
Q9VPD2	FBgn0037011
Q9VPD3	FBgn0287585
Q9VPD5	FBgn0037008
Q9VPE4	FBgn0036998
Q9VPF0	FBgn0036995
Q9VPF8	FBgn0036988
Q9VPH0	FBgn0001259
Q9VPH2	FBgn0259676
Q9VPH7	FBgn0036974
Q9VPH8	FBgn0036973
Q9VPI2	FBgn0031209
Q9VPK7	FBgn0031227
Q9VPL3	FBgn0031231
Q9VPM5	FBgn0086912
Q9VPN2	FBgn0025686
Q9VPP5	FBgn0031252
Q9VPQ2	FBgn0031256
Q9VPQ6	FBgn0003963
Q9VPR4	FBgn0021874
Q9VPR7	FBgn0031268
Q9VPS5	FBgn0011244
Q9VPT1	FBgn0041250
Q9VPT5	FBgn0031282
Q9VPT7	FBgn0031284
Q9VPT8	FBgn0015621
Q9VPU8	FBgn0020305
Q9VPW1	FBgn0015905
Q9VPW8	FBgn0016926
Q9VPY0	FBgn0031314
Q9VPY8	FBgn0031321
Q9VQ26	FBgn0051935
Q9VQ30	FBgn0086758
Q9VQ36	FBgn0086698
Q9VQ37	FBgn0031359
Q9VQ56	FBgn0031375
Q9VQ57	FBgn0267972
Q9VQ62	FBgn0031381
Q9VQ66	FBgn0040717
Q9VQ79	FBgn0031392
Q9VQ89	FBgn0031399
Q9VQ91	FBgn0031401
Q9VQ93	FBgn0267378
Q9VQB7	FBgn0264672
Q9VQC4	FBgn0031428
Q9VQD2	FBgn0031432
Q9VQD6	FBgn0031435
Q9VQE5	FBgn0031443
Q9VQE9	FBgn0051690
Q9VQF7	FBgn0031453
Q9VQF9	FBgn0031455
Q9VQG2	FBgn0031458
Q9VQG4	FBgn0019830
Q9VQH2	FBgn0283531
Q9VQI9	FBgn0041111
Q9VQK0	FBgn0025681
Q9VQM4	FBgn0260817
Q9VQN8	FBgn0031519
Q9VQP9	FBgn0031529
Q9VQQ9	FBgn0266670
Q9VQS5	FBgn0031550
Q9VQS6	FBgn0024244
Q9VQS7	FBgn0004892
Q9VQU9	FBgn0004893
Q9VQX4	FBgn0031589
Q9VQY9	FBgn0261976
Q9VQZ6	FBgn0031604
Q9VR05	FBgn0031610
Q9VR07	FBgn0011603
Q9VR17	FBgn0000227
Q9VR19	FBgn0031621
Q9VR35	FBgn0031637
Q9VR38	FBgn0031640
Q9VR50	FBgn0031183
Q9VR52	FBgn0014395
Q9VR56	FBgn0031189
Q9VR59	FBgn0027279
Q9VR81	FBgn0031099
Q9VR82	FBgn0027107
Q9VR89	FBgn0027334
Q9VR91	FBgn0031107
Q9VR93	FBgn0040651
Q9VR94	FBgn0031109
Q9VR99	FBgn0031114
Q9VRA2	FBgn0002641
Q9VRB3	FBgn0031126
Q9VRC9	FBgn0261675
Q9VRG7	FBgn0029067
Q9VRH6	FBgn0024182
Q9VRI9	FBgn0031182
Q9VRJ0	FBgn0263831
Q9VRJ1	FBgn0028962
Q9VRJ2	FBgn0035586
Q9VRJ8	FBgn0035592
Q9VRJ9	FBgn0035593
Q9VRK8	FBgn0016031
Q9VRL2	FBgn0260856
Q9VRL3	FBgn0035603
Q9VRM7	FBgn0003486
Q9VRN2	FBgn0035623
Q9VRN3	FBgn0035624
Q9VRN5	FBgn0035626
Q9VRP5	FBgn0260936
Q9VRP9	FBgn0086694
Q9VRQ7	FBgn0035644
Q9VRQ9	FBgn0052412
Q9VRR2	FBgn0035649
Q9VRV7	FBgn0035692
Q9VRX1	FBgn0035703
Q9VRX2	FBgn0035704
Q9VRX3	FBgn0052396
Q9VRX6	FBgn0024177
Q9VS05	FBgn0045759
Q9VS24	FBgn0023001
Q9VS29	FBgn0265296
Q9VS34	FBgn0035753
Q9VS36	FBgn0016036
Q9VS38	FBgn0035754
Q9VS46	FBgn0035762
Q9VS48	FBgn0002909
Q9VS50	FBgn0035766
Q9VS59	FBgn0082598
Q9VS60	FBgn0052380
Q9VS77	FBgn0035789
Q9VS78	FBgn0035790
Q9VS79	FBgn0015033
Q9VS97	FBgn0035806
Q9VSA3	FBgn0035811
Q9VSA4	FBgn0035812
Q9VSB9	FBgn0035825
Q9VSC1	FBgn0035827
Q9VSD7	FBgn0035838
Q9VSE2	FBgn0002899
Q9VSE7	FBgn0035847
Q9VSF2	FBgn0035851
Q9VSF3	FBgn0035853
Q9VSF4	FBgn0035854
Q9VSH0	FBgn0035868
Q9VSH2	FBgn0035870
Q9VSH3	FBgn0035871
Q9VSH4	FBgn0035872
Q9VSH9	FBgn0035877
Q9VSJ8	FBgn0266667
Q9VSK8	FBgn0035900
Q9VSK9	FBgn0035901
Q9VSL3	FBgn0086348
Q9VSL7	FBgn0024236
Q9VSR3	FBgn0264307
Q9VSS1	FBgn0086706
Q9VSS2	FBgn0035947
Q9VSS7	FBgn0035952
Q9VSU7	FBgn0035965
Q9VSY4	FBgn0035989
Q9VSY6	FBgn0023129
Q9VSZ6	FBgn0036000
Q9VT04	FBgn0036007
Q9VT08	FBgn0036009
Q9VT20	FBgn0036019
Q9VT28	FBgn0016081
Q9VT41	FBgn0036038
Q9VT50	FBgn0044051
Q9VT51	FBgn0036046
Q9VT52	FBgn0044050
Q9VT53	FBgn0044049
Q9VT57	FBgn0015618
Q9VT65	FBgn0025866
Q9VT67	FBgn0036057
Q9VT70	FBgn0036059
Q9VT90	FBgn0036078
Q9VT92	FBgn0036080
Q9VTC2	FBgn0036105
Q9VTC4	FBgn0036107
Q9VTE0	FBgn0036118
Q9VTE2	FBgn0025355
Q9VTE5	FBgn0010741
Q9VTE6	FBgn0036124
Q9VTE9	FBgn0261112
Q9VTF9	FBgn0036136
Q9VTG7	FBgn0036144
Q9VTH0	FBgn0036147
Q9VTH4	FBgn0041094
Q9VTI8	FBgn0036165
Q9VTJ4	FBgn0285958
Q9VTJ8	FBgn0036173
Q9VTK2	FBgn0003292
Q9VTL1	FBgn0036184
Q9VTM0	FBgn0036192
Q9VTM5	FBgn0261381
Q9VTM6	FBgn0036198
Q9VTN0	FBgn0041231
Q9VTN3	FBgn0036204
Q9VTP4	FBgn0036213
Q9VTT0	FBgn0284221
Q9VTT9	FBgn0046296
Q9VTU0	FBgn0036254
Q9VTU1	FBgn0036255
Q9VTU3	FBgn0036257
Q9VTU4	FBgn0036258
Q9VTV1	FBgn0036263
Q9VTW2	FBgn0036273
Q9VTX8	FBgn0036286
Q9VTY4	FBgn0036291
Q9VTY6	FBgn0264848
Q9VTZ5	FBgn0036299
Q9VTZ6	FBgn0036300
Q9VU02	FBgn0261933
Q9VU08	FBgn0052113
Q9VU27	FBgn0041622
Q9VU31	FBgn0036330
Q9VU41	FBgn0266709
Q9VU52	FBgn0086916
Q9VU58	FBgn0287423
Q9VU65	FBgn0036354
Q9VU68	FBgn0260049
Q9VU70	FBgn0036359
Q9VU84	FBgn0036372
Q9VU87	FBgn0086785
Q9VU95	FBgn0036381
Q9VUA0	FBgn0036386
Q9VUB4	FBgn0036397
Q9VUC6	FBgn0267795
Q9VUF8	FBgn0003388
Q9VUI3	FBgn0259099
Q9VUJ0	FBgn0036462
Q9VUK5	FBgn0036474
Q9VUK8	FBgn0027088
Q9VUL1	FBgn0266452
Q9VUL9	FBgn0036485
Q9VUM0	FBgn0036486
Q9VUN0	FBgn0036494
Q9VUN3	FBgn0036497
Q9VUQ5	FBgn0087035
Q9VUQ8	FBgn0036510
Q9VUR0	FBgn0036512
Q9VUR3	FBgn0036515
Q9VUR7	FBgn0036519
Q9VUT6	FBgn0036529
Q9VUT8	FBgn0041160
Q9VUU5	FBgn0040230
Q9VUV9	FBgn0263599
Q9VUW9	FBgn0259824
Q9VUX2	FBgn0263601
Q9VUX3	FBgn0044028
Q9VUY0	FBgn0036565
Q9VUY8	FBgn0036571
Q9VUY9	FBgn0003076
Q9VUZ1	FBgn0266724
Q9VV28	FBgn0042201
Q9VV36	FBgn0040074
Q9VV41	FBgn0283681
Q9VV43	FBgn0266417
Q9VV72	FBgn0026061
Q9VV73	FBgn0036640
Q9VV74	FBgn0036641
Q9VV87	FBgn0260960
Q9VV96	FBgn0043577
Q9VVA0	FBgn0036661
Q9VVA6	FBgn0021768
Q9VVA8	FBgn0036667
Q9VVB4	FBgn0036671
Q9VVD9	FBgn0036695
Q9VVE2	FBgn0036697
Q9VVE5	FBgn0260943
Q9VVF3	FBgn0036709
Q9VVF7	FBgn0036713
Q9VVG4	FBgn0266669
Q9VVG6	FBgn0052174
Q9VVH3	FBgn0036726
Q9VVH9	FBgn0036732
Q9VVI2	FBgn0036735
Q9VVI3	FBgn0259174
Q9VVI9	FBgn0036740
Q9VVK8	FBgn0036754
Q9VVL1	FBgn0036757
Q9VVL6	FBgn0036761
Q9VVN2	FBgn0036774
Q9VVN4	FBgn0002901
Q9VVN6	FBgn0036778
Q9VVR0	FBgn0036799
Q9VVR1	FBgn0013717
Q9VVR2	FBgn0259791
Q9VVR4	FBgn0040322
Q9VVR6	FBgn0036804
Q9VVR9	FBgn0036806
Q9VVS4	FBgn0036811
Q9VVT2	FBgn0036816
Q9VVT5	FBgn0036819
Q9VVT9	FBgn0036822
Q9VVU5	FBgn0027057
Q9VVV2	FBgn0036834
Q9VVV9	FBgn0002945
Q9VVW1	FBgn0015586
Q9VVW3	FBgn0036843
Q9VVW5	FBgn0036844
Q9VVW8	FBgn0036848
Q9VVX0	FBgn0036850
Q9VVX3	FBgn0016797
Q9VVX5	FBgn0026630
Q9VVY3	FBgn0036862
Q9VW09	FBgn0262517
Q9VW12	FBgn0036887
Q9VW14	FBgn0036889
Q9VW15	FBgn0005386
Q9VW26	FBgn0022774
Q9VW27	FBgn0036899
Q9VW43	FBgn0036910
Q9VW47	FBgn0001324
Q9VW51	FBgn0014037
Q9VW56	FBgn0036918
Q9VW60	FBgn0004852
Q9VW71	FBgn0261574
Q9VW87	FBgn0036945
Q9VW97	FBgn0260397
Q9VWA1	FBgn0024814
Q9VWA2	FBgn0036959
Q9VWA8	FBgn0036964
Q9VWB0	FBgn0288469
Q9VWB1	FBgn0036967
Q9VWB9	FBgn0031077
Q9VWC6	FBgn0259789
Q9VWD4	FBgn0031062
Q9VWD6	FBgn0031060
Q9VWE0	FBgn0043903
Q9VWE6	FBgn0031052
Q9VWE9	FBgn0031049
Q9VWF2	FBgn0087008
Q9VWF4	FBgn0031044
Q9VWG0	FBgn0031039
Q9VWG3	FBgn0285947
Q9VWH4	FBgn0027291
Q9VWH8	FBgn0040890
Q9VWI0	FBgn0031021
Q9VWI4	FBgn0031018
Q9VWK6	FBgn0030997
Q9VWL5	FBgn0030989
Q9VWN4	FBgn0030974
Q9VWN5	FBgn0030973
Q9VWN9	FBgn0085430
Q9VWP4	FBgn0030966
Q9VWQ2	FBgn0283473
Q9VWR2	FBgn0030949
Q9VWR5	FBgn0004959
Q9VWR8	FBgn0030946
Q9VWS2	FBgn0030943
Q9VWS4	FBgn0030941
Q9VWU1	FBgn0030926
Q9VWV8	FBgn0030915
Q9VWV9	FBgn0004957
Q9VWW0	FBgn0265784
Q9VWX8	FBgn0083228
Q9VWY6	FBgn0022724
Q9VX09	FBgn0030877
Q9VX10	FBgn0030876
Q9VX25	FBgn0030863
Q9VX31	FBgn0030858
Q9VX32	FBgn0026375
Q9VX39	FBgn0030850
Q9VX88	FBgn0030812
Q9VX91	FBgn0030809
Q9VX98	FBgn0030802
Q9VXA0	FBgn0030800
Q9VXA8	FBgn0030793
Q9VXB0	FBgn0030791
Q9VXB3	FBgn0030788
Q9VXB5	FBgn0030786
Q9VXD1	FBgn0261245
Q9VXD6	FBgn0030768
Q9VXD9	FBgn0030766
Q9VXE0	FBgn0261791
Q9VXE5	FBgn0025743
Q9VXE6	FBgn0061200
Q9VXF1	FBgn0267912
Q9VXG1	FBgn0026575
Q9VXG4	FBgn0030749
Q9VXG8	FBgn0004367
Q9VXH6	FBgn0260450
Q9VXH9	FBgn0030739
Q9VXJ0	FBgn0030731
Q9VXK0	FBgn0030724
Q9VXK6	FBgn0030719
Q9VXL0	FBgn0030715
Q9VXN0	FBgn0030700
Q9VXN2	FBgn0014391
Q9VXN4	FBgn0027093
Q9VXN9	FBgn0030695
Q9VXP4	FBgn0025809
Q9VXT2	FBgn0030658
Q9VXT5	FBgn0030655
Q9VXT7	FBgn0030653
Q9VXV9	FBgn0030634
Q9VXX8	FBgn0030616
Q9VXY0	FBgn0030615
Q9VXY2	FBgn0030613
Q9VXY4	FBgn0030611
Q9VXY7	FBgn0030608
Q9VY01	FBgn0030597
Q9VY28	FBgn0030572
Q9VY77	FBgn0030530
Q9VY78	FBgn0030529
Q9VY86	FBgn0030522
Q9VY93	FBgn0030518
Q9VY99	FBgn0265726
Q9VYA0	FBgn0030512
Q9VYA7	FBgn0030504
Q9VYA8	FBgn0030503
Q9VYB0	FBgn0030501
Q9VYB7	FBgn0086674
Q9VYD1	FBgn0030486
Q9VYD7	FBgn0030480
Q9VYF2	FBgn0030465
Q9VYF8	FBgn0030460
Q9VYG1	FBgn0030457
Q9VYG2	FBgn0025463
Q9VYH3	FBgn0030447
Q9VYI3	FBgn0030433
Q9VYM3	FBgn0030395
Q9VYN8	FBgn0267001
Q9VYQ0	FBgn0030373
Q9VYQ5	FBgn0030369
Q9VYQ7	FBgn0030367
Q9VYQ8	FBgn0030366
Q9VYR0	FBgn0030364
Q9VYS3	FBgn0030354
Q9VYS4	FBgn0260780
Q9VYS5	FBgn0030352
Q9VYT8	FBgn0030339
Q9VYV3	FBgn0030329
Q9VYV5	FBgn0030327
Q9VYX1	FBgn0000618
Q9VYX7	FBgn0030310
Q9VYY2	FBgn0030306
Q9VYY3	FBgn0030305
Q9VYY4	FBgn0030304
Q9VYY9	FBgn0262740
Q9VYZ1	FBgn0030298
Q9VYZ2	FBgn0030297
Q9VZ08	FBgn0030286
Q9VZ09	FBgn0003411
Q9VZ21	FBgn0261277
Q9VZ23	FBgn0020255
Q9VZ35	FBgn0030262
Q9VZ40	FBgn0030258
Q9VZ49	FBgn0030251
Q9VZ64	FBgn0030239
Q9VZA4	FBgn0260657
Q9VZD2	FBgn0035537
Q9VZD5	FBgn0035534
Q9VZD8	FBgn0035532
Q9VZE6	FBgn0035524
Q9VZE7	FBgn0035523
Q9VZF4	FBgn0041171
Q9VZH1	FBgn0040696
Q9VZH2	FBgn0011653
Q9VZI2	FBgn0028484
Q9VZI3	FBgn0035498
Q9VZJ6	FBgn0035486
Q9VZJ9	FBgn0035483
Q9VZL5	FBgn0035470
Q9VZL6	FBgn0035469
Q9VZL7	FBgn0035468
Q9VZM5	FBgn0035464
Q9VZM7	FBgn0035462
Q9VZN4	FBgn0263239
Q9VZQ1	FBgn0027616
Q9VZS3	FBgn0035423
Q9VZS5	FBgn0035422
Q9VZS6	FBgn0035421
Q9VZS7	FBgn0035420
Q9VZU2	FBgn0024194
Q9VZU4	FBgn0266582
Q9VZV5	FBgn0266918
Q9VZW5	FBgn0035385
Q9VZW8	FBgn0035382
Q9VZX1	FBgn0035379
Q9VZX9	FBgn0035371
Q9VZZ4	FBgn0011828
Q9VZZ9	FBgn0016794
Q9W011	FBgn0035344
Q9W020	FBgn0035336
Q9W021	FBgn0035335
Q9W032	FBgn0000543
Q9W040	FBgn0035317
Q9W056	FBgn0035300
Q9W058	FBgn0035298
Q9W060	FBgn0288310
Q9W062	FBgn0035294
Q9W074	FBgn0042712
Q9W088	FBgn0027903
Q9W092	FBgn0022702
Q9W0A0	FBgn0027594
Q9W0C1	FBgn0013342
Q9W0C7	FBgn0035243
Q9W0E3	FBgn0035227
Q9W0E8	FBgn0043458
Q9W0G1	FBgn0267487
Q9W0G6	FBgn0035210
Q9W0G7	FBgn0035209
Q9W0H3	FBgn0035206
Q9W0I5	FBgn0035196
Q9W0I6	FBgn0283500
Q9W0K0	FBgn0040281
Q9W0K4	FBgn0025525
Q9W0K7	FBgn0004870
Q9W0M1	FBgn0035168
Q9W0M2	FBgn0035167
Q9W0M7	FBgn0035162
Q9W0P2	FBgn0035150
Q9W0P3	FBgn0035149
Q9W0P5	FBgn0035147
Q9W0P8	FBgn0035145
Q9W0R5	FBgn0035132
Q9W0R6	FBgn0035131
Q9W0S3	FBgn0035124
Q9W0S7	FBgn0035121
Q9W0S8	FBgn0035120
Q9W0S9	FBgn0024806
Q9W0T1	FBgn0000541
Q9W0T5	FBgn0035113
Q9W0V1	FBgn0020386
Q9W0V7	FBgn0052475
Q9W0W6	FBgn0035092
Q9W0Y1	FBgn0035083
Q9W0Y2	FBgn0035082
Q9W0Y6	FBgn0060296
Q9W0Y8	FBgn0085434
Q9W107	FBgn0035064
Q9W123	FBgn0035047
Q9W130	FBgn0015040
Q9W133	FBgn0035039
Q9W138	FBgn0035035
Q9W141	FBgn0035032
Q9W145	FBgn0035028
Q9W148	FBgn0035025
Q9W157	FBgn0050169
Q9W192	FBgn0050418
Q9W197	FBgn0034988
Q9W1A2	FBgn0034982
Q9W1A4	FBgn0041582
Q9W1B0	FBgn0023081
Q9W1C5	FBgn0034964
Q9W1C9	FBgn0011695
Q9W1F4	FBgn0034939
Q9W1G0	FBgn0023477
Q9W1H4	FBgn0262619
Q9W1I2	FBgn0004581
Q9W1I9	FBgn0003401
Q9W1J3	FBgn0034908
Q9W1K0	FBgn0034902
Q9W1K5	FBgn0034897
Q9W1L5	FBgn0262728
Q9W1M8	FBgn0034880
Q9W1N5	FBgn0041234
Q9W1N6	FBgn0041233
Q9W1P7	FBgn0034866
Q9W1P8	FBgn0034865
Q9W1R4	FBgn0034853
Q9W1R5	FBgn0003977
Q9W1U4	FBgn0034824
Q9W1U5	FBgn0041235
Q9W1U6	FBgn0034822
Q9W1V1	FBgn0034817
Q9W1V3	FBgn0003062
Q9W1V6	FBgn0261363
Q9W1V7	FBgn0034814
Q9W1W9	FBgn0034803
Q9W1X4	FBgn0010660
Q9W1X7	FBgn0034795
Q9W1X8	FBgn0267823
Q9W1X9	FBgn0034793
Q9W1Y1	FBgn0034791
Q9W223	FBgn0034756
Q9W237	FBgn0034743
Q9W252	FBgn0034728
Q9W256	FBgn0034726
Q9W261	FBgn0034722
Q9W265	FBgn0017482
Q9W266	FBgn0034718
Q9W278	FBgn0034707
Q9W2B1	FBgn0041238
Q9W2B2	FBgn0041237
Q9W2C3	FBgn0034665
Q9W2D6	FBgn0027360
Q9W2D9	FBgn0034654
Q9W2E1	FBgn0050263
Q9W2E7	FBgn0034646
Q9W2F2	FBgn0034641
Q9W2H1	FBgn0034626
Q9W2H9	FBgn0034617
Q9W2M2	FBgn0003748
Q9W2N0	FBgn0034577
Q9W2P0	FBgn0034569
Q9W2Q1	FBgn0020617
Q9W2Q7	FBgn0050295
Q9W2R3	FBgn0016984
Q9W2S3	FBgn0030228
Q9W2U4	FBgn0030208
Q9W2U9	FBgn0030204
Q9W2X7	FBgn0030183
Q9W2Y3	FBgn0030178
Q9W303	FBgn0026415
Q9W328	FBgn0264691
Q9W332	FBgn0052702
Q9W334	FBgn0030136
Q9W345	FBgn0085478
Q9W349	FBgn0002576
Q9W351	FBgn0030122
Q9W352	FBgn0030121
Q9W354	FBgn0052703
Q9W358	FBgn0028292
Q9W367	FBgn0030108
Q9W369	FBgn0086367
Q9W376	FBgn0030099
Q9W379	FBgn0030096
Q9W385	FBgn0030092
Q9W391	FBgn0030087
Q9W3C0	FBgn0030063
Q9W3C1	FBgn0027330
Q9W3C2	FBgn0030061
Q9W3C7	FBgn0030057
Q9W3D3	FBgn0025864
Q9W3E1	FBgn0026679
Q9W3E2	FBgn0024943
Q9W3F7	FBgn0030037
Q9W3I5	FBgn0030016
Q9W3J5	FBgn0030007
Q9W3J8	FBgn0030004
Q9W3K5	FBgn0040319
Q9W3L5	FBgn0029989
Q9W3M2	FBgn0029986
Q9W3M3	FBgn0260970
Q9W3M9	FBgn0029977
Q9W3N6	FBgn0040087
Q9W3R7	FBgn0029943
Q9W3T5	FBgn0052736
Q9W3T7	FBgn0261284
Q9W3U1	FBgn0052732
Q9W3V8	FBgn0029906
Q9W3W5	FBgn0003390
Q9W3W8	FBgn0029897
Q9W3Y0	FBgn0029885
Q9W3Y4	FBgn0029881
Q9W3Y5	FBgn0029880
Q9W3Z3	FBgn0014031
Q9W401	FBgn0261955
Q9W413	FBgn0029858
Q9W415	FBgn0029857
Q9W420	FBgn0028982
Q9W422	FBgn0029853
Q9W429	FBgn0029849
Q9W436	FBgn0029843
Q9W440	FBgn0029838
Q9W445	FBgn0029833
Q9W462	FBgn0029819
Q9W484	FBgn0029798
Q9W485	FBgn0261383
Q9W495	FBgn0029789
Q9W497	FBgn0003747
Q9W4C3	FBgn0029763
Q9W4C5	FBgn0029762
Q9W4D2	FBgn0014024
Q9W4E2	FBgn0266098
Q9W4I5	FBgn0025612
Q9W4J5	FBgn0029714
Q9W4K2	FBgn0029708
Q9W4L1	FBgn0040907
Q9W4M8	FBgn0026085
Q9W4M9	FBgn0026079
Q9W4N2	FBgn0029693
Q9W4P5	FBgn0285910
Q9W4Q9	FBgn0044046
Q9W4S1	FBgn0029662
Q9W4S7	FBgn0262656
Q9W4S9	FBgn0000479
Q9W4T4	FBgn0000479
Q9W4V8	FBgn0250874
Q9W4X7	FBgn0029629
Q9W4X9	FBgn0004643
Q9W4Y2	FBgn0260753
Q9W4Z4	FBgn0044047
Q9W517	FBgn0004655
Q9W534	FBgn0025631
Q9W539	FBgn0264562
Q9W549	FBgn0029594
Q9W552	FBgn0014411
Q9W568	FBgn0001189
Q9W589	FBgn0027791
Q9W590	FBgn0266284
Q9W594	FBgn0265139
Q9W596	FBgn0259108
Q9W5A5	FBgn0261444
Q9W5B6	FBgn0040337
Q9W5B9	FBgn0040338
Q9W5D0	FBgn0264449
Q9W5D4	FBgn0086368
Q9W5E0	FBgn0025639
Q9W5E1	FBgn0025638
Q9W5E4	FBgn0001341
Q9W5G6	FBgn0029521
Q9W5N0	FBgn0039965
Q9W5N2	FBgn0040007
Q9W5P1	FBgn0040020
Q9W5R8	FBgn0064225
Q9W5U2	FBgn0250907
Q9W5X9	FBgn0031082
Q9W5Y0	FBgn0031081
Q9XTL9	FBgn0004507
Q9XTM1	FBgn0266673
Q9XTN2	FBgn0024248
Q9XY35	FBgn0011227
Q9XYF4	FBgn0026404
Q9XYM0	FBgn0024811
Q9XYN7	FBgn0026380
Q9XYP7	FBgn0026430
Q9XYP8	FBgn0001612
Q9XYQ2	FBgn0025549
Q9XYU0	FBgn0020633
Q9XYU1	FBgn0284442
Q9XYZ5	FBgn0260962
Q9XZ06	FBgn0027537
Q9XZ08	FBgn0027535
Q9XZ14	FBgn0027528
Q9XZ16	FBgn0027526
Q9XZ25	FBgn0027518
Q9XZ34	FBgn0050085
Q9XZ56	FBgn0261560
Q9XZ58	FBgn0027053
Q9XZ63	FBgn0027095
Q9XZF0	FBgn0288857
Q9XZH6	FBgn0283536
Q9XZJ4	FBgn0263121
Q9XZL8	FBgn0086370
Q9XZS3	FBgn0026879
Q9XZS8	FBgn0028550
Q9XZT1	FBgn0026873
Q9XZT6	FBgn0022338
Q9XZT7	FBgn0026324
Q9XZU1	FBgn0022213
Q9Y091	FBgn0000662
Q9Y0A7	FBgn0003270
Q9Y0E4	FBgn0001316
Q9Y0H4	FBgn0003557
Q9Y0I1	FBgn0027378
Q9Y0V3	FBgn0027358
Q9Y0Y2	FBgn0027493
Q9Y0Y6	FBgn0027497
Q9Y0Y7	FBgn0027498
Q9Y103	FBgn0024191
Q9Y105	FBgn0027090
Q9Y106	FBgn0027546
Q9Y113	FBgn0027553
Q9Y115	FBgn0027556
Q9Y117	FBgn0027558
Q9Y118	FBgn0283467
Q9Y123	FBgn0027564
Q9Y140	FBgn0027583
Q9Y149	FBgn0027592
Q9Y169	FBgn0029175
Q9Y1A3	FBgn0027359
Q9Y1B2	FBgn0023180
Q9Y1I2	FBgn0000257
X2JAU8	FBgn0263456
X2JDY8	FBgn0030685
