TF.ID,Target.ID,TF.alias,Target.alias,Activate/Repress,Reference,Note
AT1G01060,AT1G04400,LHY,CRY2,A,15748298,
AT1G01060,AT1G22770,LHY,GI,R,"16006578, 19011118, 21205033, 12015970, 15014450, 17504813, 19029881, 21474993, 18480377, 21483796, 21236675, 10469647",
AT1G01060,AT1G32900,LHY,GBSS1,A,"16055686, 12777053",
AT1G01060,AT1G65480,LHY,FT,A,"19011118, 15014450",
AT1G01060,AT2G21660,LHY,ATGRP7,R,"12574129, 12096093, 11402160, 14555691",
AT1G01060,AT2G40080,LHY,ELF4,R,21499259,
AT1G01060,AT2G46790,LHY,APRR9,A,"15649364, 17102804, 17683937, 17483414, 19377451, 20233950, 17102803",
AT1G01060,AT3G46640,LHY,PCL1,R,"18375597, 16006522",
AT1G01060,AT5G02810,LHY,APRR7,A,"15649364, 17102804, 17683937, 17483414, 19377451, 20233950, 17102803",
AT1G01060,AT5G15840,LHY,CO,R,"16006578, 19011118, 12015970, 17504813, 15014450, 19029881, 18480377, 10469647",
AT1G01060,AT5G61380,LHY,TOC1,R,"14741378, 12045273, 16595397, 12015970, 16055686, 12096092, 14605220, 19029881, 11486091, 21483796, 20233950, 21236675, 17098855",
AT1G01380,AT1G79840,ETC1,GL2,R,15342905,
AT1G01530,AT4G02560,AGL28,LD,A,16899218,
AT1G01530,AT4G16280,AGL28,FCA,A,16899218,
AT1G02340,AT1G29910,HFR1,CAB3,A,15960622,
AT1G02340,AT4G16780,HFR1,ATHB-2,R,16322556,
AT1G02340,AT5G13930,HFR1,TT4,R,11090209,
AT1G04370,AT2G44840,ERF14,ERF13,A,11950980,
AT1G04370,AT3G23240,ERF14,ERF1,A,"11950980, 17114278",
AT1G06160,AT3G12500,ORA59,ATHCHIB,A,18467450,
AT1G06160,AT5G44420,ORA59,PDF1.2,A,"18467450, 21246258",
AT1G07640,AT2G22330,OBP2,CYP79B3,A,16740150,
AT1G07640,AT3G56970,OBP2,ORG2,A,16740149,
AT1G07640,AT3G56980,OBP2,ORG3,A,16740149,
AT1G07640,AT4G31500,OBP2,CYP83B1,A,16740150,
AT1G07640,AT4G39950,OBP2,CYP79B2,A,16740150,
AT1G07640,AT5G23010,OBP2,MAM1,A,16740150,
AT1G09530,AT1G01060,PIF3,LHY,A,"12574129, 10995393, 12679534, 10797009, 12096092, 11402169, 12509533",
AT1G09530,AT1G29930,PIF3,CAB1,A,12427998,
AT1G09530,AT1G44446,PIF3,CH1,A,"19376934, 15505214",
AT1G09530,AT2G18790,PIF3,PHYB,A,"18252845, 18245378",
AT1G09530,AT2G30570,PIF3,PSBW,A,18245378,
AT1G09530,AT2G46830,PIF3,CCA1,A,"12574129, 12679534, 14563930, 12096092, 12119373, 11402169, 12509533, 12805602",
AT1G09530,AT3G51240,PIF3,TT6,A,17319847,
AT1G09530,AT4G14690,PIF3,ELIP2,A,18245378,
AT1G09530,AT4G22880,PIF3,LDOX,A,17319847,
AT1G09530,AT5G13630,PIF3,GUN5,A,"19376934, 15505214",
AT1G09530,AT5G13930,PIF3,TT4,A,18245378,
AT1G09530,AT5G42800,PIF3,DFR,A,17319847,
AT1G09770,AT1G62360,CDC5,BUM1,A,17768399,
AT1G09770,AT1G75820,CDC5,CLV1,A,17768399,
AT1G09770,AT2G17950,CDC5,WUS,A,17768399,
AT1G09770,AT2G27250,CDC5,CLV3,A,17768399,
AT1G09770,AT3G54180,CDC5,CDKB1;1,A,17768399,
AT1G09770,AT4G16890,CDC5,SNC1,A,17575050,
AT1G10170,AT1G74710,ATNFXL1,EDS16,R,18069941,
AT1G10170,AT2G14610,ATNFXL1,PR1,R,18069941,
AT1G10170,AT4G39030,ATNFXL1,EDS5,R,18069941,
AT1G12610,AT1G50960,DDF1,GA2OX7,A,"19043067, 18643985",
AT1G12610,AT2G42540,DDF1,COR15A,A,18643985,
AT1G12610,AT5G17490,DDF1,RGL3,A,18643985,
AT1G12610,AT5G52310,DDF1,LTI78,R,"14871311, 18643985",
AT1G12860,AT5G53210,SCRM2,SPCH,A,18641265,
AT1G12980,AT2G17950,ESR1,WUS,A,12615942,
AT1G12980,AT2G27250,ESR1,CLV3,A,12615942,
AT1G13960,AT2G14610,WRKY4,PR1,R,18570649,
AT1G14350,AT3G54180,FLP,CDKB1;1,R,20675570,
AT1G14350,AT4G34160,FLP,CYCD3;1,A,12509523,
AT1G14920,AT1G15550,GAI,GA3OX1,R,"10517835, 9701576",
AT1G14920,AT2G04240,GAI,XERICO,A,18941053,
AT1G14920,AT2G36270,GAI,ABI5,A,18941053,
AT1G14920,AT3G27920,GAI,GL1,R,16679458,
AT1G14920,AT4G25420,GAI,GA20OX1,R,10517835,
AT1G14920,AT5G61850,GAI,LFY,A,9836739,
AT1G15360,AT1G01120,SHN1,KCS1,A,17449808,
AT1G15360,AT1G02205,SHN1,CER1,A,"17449808, 16415209",
AT1G15360,AT4G24510,SHN1,CER2,A,17449808,
AT1G16490,AT1G15950,MYB58,ATCCR1,A,19122102,
AT1G16490,AT1G51680,MYB58,4CL1,A,19122102,
AT1G16490,AT2G30490,MYB58,C4H,A,19122102,
AT1G16490,AT2G37040,MYB58,PAL1,A,19122102,
AT1G16490,AT2G38080,MYB58,IRX12,A,19122102,
AT1G16490,AT2G40890,MYB58,CYP98A3,A,19122102,
AT1G16490,AT4G34050,MYB58,CCoAOMT1,A,19122102,
AT1G16490,AT4G37970,MYB58,CAD6,A,19122102,
AT1G16490,AT5G48930,MYB58,HCT,A,19122102,
AT1G16490,AT5G54160,MYB58,ATOMT1,A,19122102,
AT1G18570,AT1G74100,MYB51,SOT16,A,17461791,
AT1G18570,AT2G22330,MYB51,CYP79B3,A,17461791,
AT1G18570,AT4G31500,MYB51,CYP83B1,A,"17616737, 17461791",
AT1G18570,AT4G39950,MYB51,CYP79B2,A,17461791,
AT1G18570,AT4G39980,MYB51,DHS1,A,17461791,
AT1G18570,AT5G54810,MYB51,TSB1,A,"17616737, 17461791",
AT1G19220,AT1G04240,ARF19,SHY2,A,"12114578, 15889151",
AT1G19220,AT2G42430,ARF19,LBD16,A,17259263,
AT1G19220,AT3G58190,ARF19,LBD29,A,17259263,
AT1G19220,AT4G14550,ARF19,IAA14,R,16236149,
AT1G19220,AT4G37650,ARF19,SHR,R,16236149,
AT1G19350,AT2G20570,BES1,GPRI1,R,21214652,
AT1G19350,AT2G43060,BES1,IBH1,A,20009022,
AT1G19350,AT4G38850,BES1,SAUR15,A,"15680330, 18599455, 17699623, 144101183",
AT1G19350,AT5G10140,BES1,FLC,R,18495930,
AT1G19350,AT5G44190,BES1,GLK2,R,21214652,
AT1G19350,AT5G57560,BES1,TCH4,A,18467490,
AT1G19850,AT1G01480,MP,ACS2,A,15960614,
AT1G19850,AT1G04550,MP,IAA12,A,21478855,
AT1G19850,AT1G12980,MP,ESR1,A,19369397,
AT1G19850,AT1G19850,MP,MP,A,21478855,
AT1G19850,AT1G73590,MP,PIN1,A,"18685044, 17217464",
AT1G19850,AT3G20840,MP,PLT1,A,16006581,
AT1G19850,AT4G11280,MP,ACS6,A,15960614,
AT1G19850,AT4G32880,MP,ATHB8,A,"20592815, 19901531, 19710171",
AT1G19850,AT4G37770,MP,ACS8,A,15960614,
AT1G21970,AT1G06180,LEC1,MYB13,R,"9681014, 10948227",
AT1G21970,AT1G28300,LEC1,LEC2,A,"16935993, 16731585",
AT1G21970,AT1G62290,LEC1,AT1G62290,A,15695450,
AT1G21970,AT2G17090,LEC1,SSP,A,"17208960, 17522888, 16731585, 18024558, 15695450, 18476867",
AT1G21970,AT2G36270,LEC1,ABI5,A,"17522888, 12045268, 12529517",
AT1G21970,AT2G41260,LEC1,M17,A,12529517,
AT1G21970,AT3G24650,LEC1,ABI3,A,"17208960, 17522888, 145100641, 10634906, 12529517, 16731585, 18024558, 15695450, 9286105, 18476867",
AT1G21970,AT3G26790,LEC1,FUS3,A,"17522888, 18287041, 16731585, 18024558, 18203869, 15695450, 18476867",
AT1G21970,AT3G51810,LEC1,EM1,R,10948227,
AT1G21970,AT3G54320,LEC1,WRI1,A,"19490642, 18689444, 18476867",
AT1G21970,AT4G27160,LEC1,AT2S3,A,18689444,
AT1G21970,AT5G66400,LEC1,AT5G66400,A,12529517,
AT1G22070,AT2G14610,TGA3,PR1,A,"16824183, 12897257, 10659709, 17369431, 11489188",
AT1G23420,AT1G23420,INO,INO,A,"15131247, 10601041, 12183380, 14731261, 15299139",
AT1G23420,AT4G27330,INO,SPL,A,10976054,
AT1G23420,AT4G37750,INO,ANT,A,15131247,
AT1G24260,AT1G69120,SEP3,AP1,R,16854969,
AT1G24260,AT2G17950,SEP3,WUS,R,19138429,
AT1G24260,AT2G22540,SEP3,SVP,R,"18694458, 16679456",
AT1G24260,AT3G54340,SEP3,AP3,A,16098111,
AT1G24260,AT4G18960,SEP3,AG,A,16098111,
AT1G24260,AT4G24540,SEP3,AGL24,R,"18694458, 16679456",
AT1G24590,AT3G15170,DRNL,CUC1,A,"18665917, 17056621",
AT1G25560,AT1G65480,TEM1,FT,R,19695946,
AT1G26310,AT1G69120,CAL,AP1,A,"7627548, 18694458",
AT1G26310,AT5G03840,CAL,TFL1,R,"10648231, 10021331, 15037730",
AT1G26310,AT5G61850,CAL,LFY,A,"10648231, 18784751, 19482969, 18694458, 19482972, 14736918",
AT1G26870,AT1G79580,FEZ,SMB,A,19081078,
AT1G26945,AT1G02340,KDR,HFR1,R,"20009022, 16786307",
AT1G27730,AT1G07890,STZ,APX1,A,17112521,
AT1G27730,AT1G17420,STZ,LOX3,R,20140232,
AT1G27730,AT1G19180,STZ,JAZ1,R,20140232,
AT1G27730,AT3G09640,STZ,APX2,A,"17112521, 19170934, 18156220",
AT1G27730,AT4G25100,STZ,FSD1,A,17112521,
AT1G27730,AT5G52310,STZ,LTI78,R,12032082,
AT1G28300,AT1G04250,LEC2,AXR3,A,18287041,
AT1G28300,AT1G80340,LEC2,GA3OX2,R,"18305206, 15516508",
AT1G28300,AT2G22810,LEC2,ACS4,A,18287041,
AT1G28300,AT2G36270,LEC2,ABI5,R,17522888,
AT1G28300,AT3G24650,LEC2,ABI3,A,"17208960, 17522888, 16731585, 18476867",
AT1G28300,AT3G26790,LEC2,FUS3,A,"17522888, 16731585, 14597573, 18422904, 18476867",
AT1G28300,AT3G54320,LEC2,WRI1,A,"17419836, 18689444",
AT1G28300,AT3G62100,LEC2,IAA30,A,16492731,
AT1G28300,AT4G13260,LEC2,YUC2,A,18287041,
AT1G28300,AT4G14560,LEC2,IAA1,A,18287041,
AT1G28300,AT4G27160,LEC2,AT2S3,A,"16492731, 14597573, 15695463",
AT1G28300,AT5G11320,LEC2,YUC4,A,18287041,
AT1G28300,AT5G13790,LEC2,AGL15,A,"16492731, 18305206",
AT1G28300,AT5G65165,LEC2,SDH2-3,A,19261733,
AT1G30210,AT2G31270,TCP24,CDT1A,R,18818695,
AT1G30210,AT3G54710,TCP24,CDT1B,R,18818695,
AT1G30330,AT2G44810,ARF6,DAD1,A,20007966,
AT1G30490,AT2G17950,PHV,WUS,R,17898423,
AT1G30490,AT5G16560,PHV,KAN,R,"11525739, 12045283",
AT1G32330,AT2G26150,HSFA1D,HSFA2,A,21471117,
AT1G32540,AT1G08830,LOL1,CSD1,R,15980203,
AT1G32640,AT1G17420,MYC2,LOX3,A,"20140232, 15208388",
AT1G32640,AT1G18570,MYC2,MYB51,R,"17616737, 20348432",
AT1G32640,AT1G19180,MYC2,JAZ1,A,20140232,
AT1G32640,AT1G27730,MYC2,STZ,R,17616737,
AT1G32640,AT1G28370,MYC2,ERF11,R,17616737,
AT1G32640,AT1G29930,MYC2,CAB1,A,15923349,
AT1G32640,AT1G32640,MYC2,MYC2,R,17616737,
AT1G32640,AT1G33760,MYC2,AT1G33760,R,17616737,
AT1G32640,AT1G67090,MYC2,RBCS1A,A,15923349,
AT1G32640,AT1G72260,MYC2,THI2.1,R,17215350,
AT1G32640,AT1G77120,MYC2,ADH1,A,"17764576, 12509522",
AT1G32640,AT2G14610,MYC2,PR1,R,16838791,
AT1G32640,AT2G24850,MYC2,TAT3,A,15208388,
AT1G32640,AT2G46340,MYC2,SPA1,A,"20864543, 15173567",
AT1G32640,AT3G04720,MYC2,PR4,R,18657213,
AT1G32640,AT3G12500,MYC2,ATHCHIB,R,15231736,
AT1G32640,AT3G15210,MYC2,ERF4,R,17616737,
AT1G32640,AT3G16470,MYC2,JR1,A,15231736,
AT1G32640,AT3G23240,MYC2,ERF1,R,17616737,
AT1G32640,AT3G45140,MYC2,LOX2,A,18657213,
AT1G32640,AT4G17490,MYC2,ERF6,R,17616737,
AT1G32640,AT5G07100,MYC2,WRKY26,R,17616737,
AT1G32640,AT5G24770,MYC2,VSP2,A,"18657213, 15208388",
AT1G32640,AT5G24780,MYC2,VSP1,A,"19140948, 19342430",
AT1G32640,AT5G25610,MYC2,RD22,A,"12509522, 18711121, 12679534, 9368419, 15548743, 15208388",
AT1G32640,AT5G44420,MYC2,PDF1.2,R,"17616737, 17215350, 19342430, 18042205, 21321051, 18657213",
AT1G32640,AT5G47220,MYC2,ERF2,R,17616737,
AT1G32770,AT1G16490,ANAC012,MYB58,A,19122102,
AT1G32770,AT1G17950,ANAC012,MYB52,A,18952777,
AT1G32770,AT1G28470,ANAC012,ANAC010,A,18952777,
AT1G32770,AT1G62990,ANAC012,KNAT7,A,"18952777, 17890373",
AT1G32770,AT1G66230,ANAC012,MYB20,A,18952777,
AT1G32770,AT1G73410,ANAC012,MYB54,A,18952777,
AT1G32770,AT1G79180,ANAC012,MYB63,A,19122102,
AT1G32770,AT4G12350,ANAC012,MYB42,A,18952777,
AT1G32770,AT4G22680,ANAC012,MYB85,A,"18952777, 17890373",
AT1G32770,AT4G28500,ANAC012,ANAC073,A,18952777,
AT1G32770,AT4G33450,ANAC012,MYB69,A,18952777,
AT1G32770,AT5G12870,ANAC012,MYB46,A,"18952777, 17890373",
AT1G32770,AT5G16600,ANAC012,MYB43,A,18952777,
AT1G32770,AT5G56110,ANAC012,AT5G56110,A,18952777,
AT1G33240,AT1G04110,AT-GTL1,SDD1,R,21169508,
AT1G34370,AT1G08430,STOP1,ALMT1,A,"19704731, 17535918, 18752686, 18826429",
AT1G34370,AT3G22200,STOP1,POP2,A,19321711,
AT1G34370,AT5G07440,STOP1,GDH2,A,19321711,
AT1G34790,AT1G61720,TT1,BAN,A,"14555692, 12368498",
AT1G35515,AT1G77120,HOS10,ADH1,R,15994234,
AT1G35515,AT2G39030,HOS10,AT2G39030,A,15994234,
AT1G35515,AT2G42540,HOS10,COR15A,R,15994234,
AT1G35515,AT5G15960,HOS10,KIN1,R,15994234,
AT1G35515,AT5G52310,HOS10,LTI78,R,15994234,
AT1G42990,AT1G09080,BZIP60,BIP3,A,"21482766, 19017746",
AT1G42990,AT2G31955,BZIP60,CNX2,A,15781873,
AT1G42990,AT5G20990,BZIP60,B73,A,15781873,
AT1G42990,AT5G28540,BZIP60,BIP1,A,19017746,
AT1G42990,AT5G42020,BZIP60,BIP2,A,"15781873, 19352029",
AT1G45249,AT1G77120,ABF2,ADH1,R,15516505,
AT1G45249,AT2G18050,ABF2,HIS1-3,A,16284313,
AT1G45249,AT5G20830,ABF2,SUS1,R,15516505,
AT1G45249,AT5G52300,ABF2,LTI65,A,"16284313, 11005831, 12084834",
AT1G45249,AT5G52310,ABF2,LTI78,R,15516505,
AT1G46768,AT1G46768,RAP2.1,RAP2.1,R,20230648,
AT1G46768,AT2G42540,RAP2.1,COR15A,R,20230648,
AT1G46768,AT5G52310,RAP2.1,LTI78,R,20230648,
AT1G47870,AT2G37640,E2FC,EXP3,R,16920782,
AT1G51700,AT5G15840,ADOF1,CO,R,17965272,
AT1G52150,AT2G17950,ATHB-15,WUS,R,17898423,
AT1G52880,AT5G61850,NAM,LFY,A,19095941,
AT1G52890,AT1G02930,ANAC019,GSTF6,A,19995345,
AT1G52890,AT1G20440,ANAC019,COR47,A,19995345,
AT1G52890,AT3G45140,ANAC019,LOX2,A,18427573,
AT1G52890,AT5G24780,ANAC019,VSP1,A,18427573,
AT1G52890,AT5G51070,ANAC019,ERD1,A,19126699,
AT1G52890,AT5G52300,ANAC019,LTI65,A,19995345,
AT1G53230,AT1G04240,TCP3,SHY2,A,21119060,
AT1G53230,AT2G37630,TCP3,AS1,A,21119060,
AT1G53910,AT1G77120,RAP2.12,ADH1,A,18441225,
AT1G54060,AT1G21970,ASIL1,LEC1,R,19155348,
AT1G54060,AT1G28300,ASIL1,LEC2,R,19155348,
AT1G54060,AT1G69180,ASIL1,CRC,R,19155348,
AT1G54060,AT2G40220,ASIL1,ABI4,R,19155348,
AT1G54060,AT3G24650,ASIL1,ABI3,R,19155348,
AT1G54060,AT3G26790,ASIL1,FUS3,R,19155348,
AT1G54060,AT3G27660,ASIL1,OLEO4,R,19155348,
AT1G54060,AT4G25140,ASIL1,OLEO1,R,19155348,
AT1G54060,AT5G40420,ASIL1,OLEO2,R,19155348,
AT1G54060,AT5G51210,ASIL1,OLEO3,R,19155348,
AT1G55580,AT1G62360,LAS,BUM1,A,16473968,
AT1G55580,AT2G37630,LAS,AS1,A,16473968,
AT1G55580,AT4G37750,LAS,ANT,A,16473968,
AT1G55580,AT5G60690,LAS,REV,A,12730136,
AT1G55600,AT3G19700,WRKY10,IKU2,A,"19141706, 20406407, 16293693, 16330781",
AT1G56010,AT2G04160,NAC1,AIR3,A,11114891,
AT1G56650,AT1G03940,MYB75,AT1G03940,A,15807784,
AT1G56650,AT1G22640,MYB75,MYB3,A,19192188,
AT1G56650,AT1G66390,MYB75,MYB90,A,"18532978, 19192188",
AT1G56650,AT2G23000,MYB75,SCPL10,R,17600138,
AT1G56650,AT2G37260,MYB75,TTG2,A,17766401,
AT1G56650,AT3G29590,MYB75,AT3G29590,A,15807784,
AT1G56650,AT3G55120,MYB75,TT5,A,15807784,
AT1G56650,AT4G09820,MYB75,TT8,A,"18532978, 16709193, 18532977",
AT1G56650,AT4G14090,MYB75,AT4G14090,A,"15807784, 16010003",
AT1G56650,AT5G13930,MYB75,TT4,A,"15807784, 16640595",
AT1G56650,AT5G17050,MYB75,UGT78D2,A,"15807784, 16010003",
AT1G56650,AT5G17220,MYB75,GSTF12,A,19192188,
AT1G56650,AT5G42800,MYB75,DFR,A,"18532977, 17181777",
AT1G56650,AT5G54060,MYB75,AT5G54060,A,"15807784, 16010003",
AT1G62300,AT1G17420,WRKY6,LOX3,A,18641266,
AT1G62300,AT1G45145,WRKY6,TRX5,A,14976236,
AT1G62300,AT1G62300,WRKY6,WRKY6,R,"19934380, 15504732, 12000796",
AT1G62300,AT2G14610,WRKY6,PR1,A,12000796,
AT1G62300,AT3G23430,WRKY6,PHO1,R,19934380,
AT1G62300,AT4G04450,WRKY6,WRKY42,R,"19934380, 15504732, 12000796",
AT1G62360,AT1G23380,BUM1,KNAT6,A,"14617069, 16798887",
AT1G62360,AT1G30040,BUM1,GA2OX2,A,18757555,
AT1G62360,AT1G30950,BUM1,UFO,A,"9671577, 12011335, 11842154",
AT1G62360,AT1G47990,BUM1,GA2OX4,A,18757555,
AT1G62360,AT1G65620,BUM1,AS2,R,"17768399, 14617069, 12586863, 17601823",
AT1G62360,AT1G75820,BUM1,CLV1,A,12011335,
AT1G62360,AT1G76420,BUM1,CUC3,R,"12837947, 16798887",
AT1G62360,AT2G27250,BUM1,CLV3,A,12068101,
AT1G62360,AT2G37630,BUM1,AS1,R,"11934861, 17768399, 11447101, 11283332, 15202996, 14617069, 12068116, 15316113, 17601823, 12045283",
AT1G62360,AT3G23630,BUM1,IPT7,A,"16139211, 16139212",
AT1G62360,AT3G48100,BUM1,ARR5,A,16139211,
AT1G62360,AT4G25420,BUM1,GA20OX1,R,"12372247, 12401187, 16213812, 19891706, 15208345",
AT1G62360,AT5G19040,BUM1,ATIPT5,A,16139211,
AT1G63650,AT1G01380,EGL3,ETC1,A,"19395683, 17885086, 18644155, 15542499",
AT1G63650,AT1G71030,EGL3,MYBL2,A,"19136646, 19401413",
AT1G63650,AT1G79840,EGL3,GL2,A,"19136646, 19401413, 17885086, 17644729, 14627722, 17461792, 15542499",
AT1G63650,AT2G23550,EGL3,MES6,A,"19136646, 19401413",
AT1G63650,AT2G23580,EGL3,ABE4,A,"19136646, 19401413",
AT1G63650,AT2G37260,EGL3,TTG2,A,17766401,
AT1G63650,AT2G46410,EGL3,CPC,A,"17376028, 17885086, 18644155, 14627722, 17027738, 15542499",
AT1G63650,AT4G01060,EGL3,ETC3,A,18644155,
AT1G63650,AT4G09820,EGL3,TT8,A,"16709193, 12917293, 18036197",
AT1G63650,AT4G22880,EGL3,LDOX,R,19621239,
AT1G63650,AT5G08640,EGL3,FLS1,R,19621239,
AT1G63650,AT5G13930,EGL3,TT4,R,19621239,
AT1G63650,AT5G53200,EGL3,TRY,A,"19395683, 17885086, 18644155, 17027738, 15967776, 15542499",
AT1G65620,AT1G23380,AS2,KNAT6,R,"14508003, 17601823",
AT1G65620,AT1G32240,AS2,KAN2,R,"17559509, 14508003",
AT1G65620,AT1G62360,AS2,BUM1,R,15208345,
AT1G65620,AT1G70510,AS2,KNAT2,R,"19088331, 15833920, 14871310, 19891706, 17259263, 14508003, 12586863, 17601823",
AT1G65620,AT2G26580,AS2,YAB5,R,17559509,
AT1G65620,AT2G33860,AS2,ETT,R,17559509,
AT1G65620,AT2G34710,AS2,PHB,A,"16006579, 15208415, 17028202, 14508003, 17293570, 17601823",
AT1G65620,AT2G45190,AS2,AFO,R,14508003,
AT1G65620,AT3G15170,AS2,CUC1,R,18156293,
AT1G65620,AT4G00180,AS2,YAB3,R,14508003,
AT1G65620,AT4G08150,AS2,KNAT1,R,"18203921, 19088331, 15833920, 14871310, 19891706, 12787254, 14508003",
AT1G65620,AT5G03680,AS2,PTL,R,18156293,
AT1G65620,AT5G16560,AS2,KAN,R,"18849474, 15208415, 17028202, 14508003, 17601823",
AT1G65620,AT5G53950,AS2,CUC2,R,18156293,
AT1G65620,AT5G63090,AS2,LOB,A,"17557810, 14508003, 17601823",
AT1G66350,AT2G41940,RGL1,ZFP8,R,17704233,
AT1G66390,AT2G37260,MYB90,TTG2,A,17766401,
AT1G66600,AT2G14610,WRKY63,PR1,R,18776063,
AT1G67260,AT3G50660,TCP1,DWF4,A,20435901,
AT1G68640,AT2G17950,PAN,WUS,R,19542297,
AT1G68640,AT4G18960,PAN,AG,A,"19395638, 19542297, 20409275",
AT1G69120,AT1G30950,AP1,UFO,A,"12826617, 11283333",
AT1G69120,AT1G68480,AP1,JAG,R,15030755,
AT1G69120,AT2G22540,AP1,SVP,R,"15299121, 20409275, 17114273, 18694458, 16679456",
AT1G69120,AT2G45660,AP1,AGL20,R,18694458,
AT1G69120,AT2G47730,AP1,GSTF8,A,11997371,
AT1G69120,AT3G54340,AP1,AP3,A,"11283333, 20409275, 11959818,18417639",
AT1G69120,AT4G16280,AP1,FCA,R,10097382,
AT1G69120,AT4G18960,AP1,AG,R,"17409064, 19138429, 17881378, 16854969, 16679456, 18694458",
AT1G69120,AT4G24540,AP1,AGL24,R,"16131510, 15299121, 17316177, 20409275, 20074092, 17114273, 14716314, 18694458, 16679456, 17168895",
AT1G69120,AT5G03840,AP1,TFL1,R,"15096600, 11457954, 16359391, 10449576, 12148532, 20409275, 10648231, 10021331, 10368173, 15037730, 17666027",
AT1G69120,AT5G20240,AP1,PI,A,"11283333, 16640596, 15918886, 18417639",
AT1G69120,AT5G60910,AP1,AGL8,R,"15299121, 16155177, 15486106",
AT1G69120,AT5G61850,AP1,LFY,A,"10648231, 10368173",
AT1G69180,AT4G18960,CRC,AG,A,"18441215, 10225997",
AT1G69490,AT3G47340,NAP,ASN1,A,20007449,
AT1G69490,AT5G15970,NAP,KIN2,R,12713537,
AT1G69490,AT5G52310,NAP,LTI78,R,12713537,
AT1G69600,AT4G02380,ZFHD1,SAG21,A,17233795,
AT1G69600,AT4G37370,ZFHD1,CYP81D8,A,17233795,
AT1G69600,AT5G15970,ZFHD1,KIN2,R,18974936,
AT1G69600,AT5G51070,ZFHD1,ERD1,A,"18974936, 17233795, 17587305",
AT1G69600,AT5G52310,ZFHD1,LTI78,R,18974936,
AT1G70510,AT4G18960,KNAT2,AG,A,"11487688, 14871310",
AT1G71030,AT1G56650,MYBL2,MYB75,R,"18532978, 18532977",
AT1G71030,AT1G63650,MYBL2,EGL3,R,18532978,
AT1G71030,AT1G79840,MYBL2,GL2,R,"19136646, 12056412",
AT1G71030,AT4G09820,MYBL2,TT8,R,"19136646, 18532978, 18532977",
AT1G71030,AT5G35550,MYBL2,TT2,R,18532978,
AT1G71030,AT5G42800,MYBL2,DFR,R,"18532978, 18532977",
AT1G71692,AT1G65480,AGL12,FT,A,18203871,
AT1G71692,AT2G45660,AGL12,AGL20,A,18203871,
AT1G71692,AT5G61850,AGL12,LFY,A,18203871,
AT1G71930,AT1G16490,VND7,MYB58,A,19122102,
AT1G71930,AT1G28470,VND7,ANAC010,A,18952777,
AT1G71930,AT1G62990,VND7,KNAT7,A,18952777,
AT1G71930,AT1G79180,VND7,MYB63,A,19122102,
AT1G71930,AT2G38080,VND7,IRX12,A,17329564,
AT1G71930,AT5G12870,VND7,MYB46,A,"18952777, 17890373",
AT1G71930,AT5G17420,VND7,IRX3,A,17329564,
AT1G71930,AT5G56110,VND7,AT5G56110,A,18952777,
AT1G73730,AT1G16400,EIL3,CYP79F2,R,17114350,
AT1G73730,AT1G16410,EIL3,CYP79F1,R,17114350,
AT1G73730,AT1G78000,EIL3,SULTR1;2,A,17114350,
AT1G73730,AT2G22330,EIL3,CYP79B3,R,17114350,
AT1G73730,AT3G19710,EIL3,BCAT4,A,17114350,
AT1G73730,AT3G56040,EIL3,UGP3,R,19286968,
AT1G73730,AT4G31500,EIL3,CYP83B1,R,17114350,
AT1G73730,AT4G39950,EIL3,CYP79B2,A,17114350,
AT1G73730,AT5G43780,EIL3,APS4,A,17114350,
AT1G73730,AT5G60890,EIL3,MYB34,R,"17114350, 18042203",
AT1G74930,AT1G17420,ORA47,LOX3,A,20140232,
AT1G75080,AT2G43060,BZR1,IBH1,A,20009022,
AT1G75080,AT3G50660,BZR1,DWF4,R,"17080598, 16699538, 16407451, 17699623",
AT1G75080,AT4G38850,BZR1,SAUR15,A,17699623,
AT1G75080,AT5G05690,BZR1,CPD,R,"17277098, 11970900, 144101183",
AT1G75080,AT5G39860,BZR1,PRE1,A,20009022,
AT1G76420,AT1G62360,CUC3,BUM1,A,17122068,
AT1G76420,AT5G61850,CUC3,LFY,A,19095941,
AT1G77850,AT4G27260,ARF17,WES1,R,15829600,
AT1G77850,AT5G54510,ARF17,DFL1,R,15829600,
AT1G78600,AT1G56650,LZF1,MYB75,A,18182030,
AT1G79180,AT1G15950,MYB63,ATCCR1,A,19122102,
AT1G79180,AT1G51680,MYB63,4CL1,A,19122102,
AT1G79180,AT2G30490,MYB63,C4H,A,19122102,
AT1G79180,AT2G37040,MYB63,PAL1,A,19122102,
AT1G79180,AT2G38080,MYB63,IRX12,A,19122102,
AT1G79180,AT2G40890,MYB63,CYP98A3,A,19122102,
AT1G79180,AT4G34050,MYB63,CCoAOMT1,A,19122102,
AT1G79180,AT4G37970,MYB63,CAD6,A,19122102,
AT1G79180,AT5G48930,MYB63,HCT,A,19122102,
AT1G79180,AT5G54160,MYB63,ATOMT1,A,19122102,
AT1G79580,AT1G26870,SMB,FEZ,R,19081078,
AT1G79840,AT1G12560,GL2,EXPA7,R,12468740,
AT1G79840,AT1G53500,GL2,MUM4,A,"14701918, 19401413, 19458117",
AT1G79840,AT3G16785,GL2,PLDP1,R,"16219918, 16384909",
AT1G79840,AT5G14750,GL2,WER,R,12756173,
AT1G79840,AT5G53200,GL2,TRY,A,19014692,
AT2G01500,AT4G18960,PFS2,AG,R,15659481,
AT2G01570,AT1G04310,RGA1,ERS2,A,18502975,
AT2G01570,AT1G15550,RGA1,GA3OX1,R,10517835,
AT2G01570,AT1G70510,RGA1,KNAT2,A,18502975,
AT2G01570,AT2G04240,RGA1,XERICO,A,18941053,
AT2G01570,AT2G22300,RGA1,CAMTA3,A,18502975,
AT2G01570,AT2G36270,RGA1,ABI5,A,18941053,
AT2G01570,AT2G41940,RGA1,ZFP8,A,17704233,
AT2G01570,AT3G27920,RGA1,GL1,A,17704233,
AT2G01570,AT3G30775,RGA1,ERD5,A,18502975,
AT2G01570,AT3G58070,RGA1,GIS,A,17704233,
AT2G01570,AT3G62230,RGA1,AT3G62230,R,18502975,
AT2G01570,AT4G25420,RGA1,GA20OX1,R,10517835,
AT2G01570,AT5G22920,RGA1,AT5G22920,A,18502975,
AT2G01570,AT5G41315,RGA1,GL3,A,17704233,
AT2G01570,AT5G49450,RGA1,bZIP1,A,18502975,
AT2G01570,AT5G61420,RGA1,MYB28,R,18502975,
AT2G01930,AT4G09960,BPC1,STK,R,15722463,
AT2G02450,AT5G15840,ANAC034,CO,R,17653269,
AT2G03340,AT1G17420,WRKY3,LOX3,A,18641266,
AT2G03340,AT1G62300,WRKY3,WRKY6,A,18641266,
AT2G16910,AT1G13140,AMS,CYP86C3,A,20118226,
AT2G16910,AT1G59740,AMS,AT1G59740,A,20118226,
AT2G16910,AT1G66850,AMS,AT1G66850,A,20118226,
AT2G16910,AT1G67990,AMS,TSM1,A,20118226,
AT2G16910,AT1G73220,AMS,AT1G73220,A,20118226,
AT2G16910,AT1G75790,AMS,SKS18,A,20118226,
AT2G16910,AT1G75920,AMS,AT1G75920,A,20118226,
AT2G16910,AT3G13220,AMS,ABCG26,A,20118226,
AT2G16910,AT3G28740,AMS,AT3G28740,A,20118226,
AT2G16910,AT3G51590,AMS,LTP12,A,20118226,
AT2G16910,AT4G00040,AMS,AT4G00040,A,20118226,
AT2G16910,AT5G17050,AMS,AT5G17050,A,20118226,
AT2G16910,AT5G49070,AMS,KCS21,A,20118226,
AT2G17950,AT1G19050,WUS,ARR7,R,"143102193, 18065689, 143102020, 18980654, 16372013",
AT2G17950,AT1G21970,WUS,LEC1,R,12000682,
AT2G17950,AT1G62360,WUS,BUM1,A,"17586653, 12068101, 15100395",
AT2G17950,AT1G74890,WUS,ARR15,R,"143102193, 143102020, 18980654, 16372013",
AT2G17950,AT2G27250,WUS,CLV3,A,"16222087, 10761929, 12725756, 19820344, 12045272, 16603652, 12615942, 12068101",
AT2G17950,AT3G48100,WUS,ARR5,R,"143102193, 20377701, 18065689, 143102020, 18980654, 16372013",
AT2G17950,AT4G18960,WUS,AG,A,"11591338, 11703916, 19897670, 14623445, 11440722, 16115063, 12045282, 17461793, 12530963",
AT2G17950,AT4G37750,WUS,ANT,A,"15004006, 12000795",
AT2G17950,AT5G62920,WUS,ARR6,R,"143102193, 18065689, 143102020, 18980654, 16372013",
AT2G20180,AT1G03430,PIL5,AHP5,A,19244139,
AT2G20180,AT1G03630,PIL5,POR_C,A,18591656,
AT2G20180,AT1G03790,PIL5,SOM,A,18487351,
AT2G20180,AT1G08980,PIL5,AMI1,A,19244139,
AT2G20180,AT1G14920,PIL5,GAI,A,"17449805, 18653696, 19244139, 18487351",
AT2G20180,AT1G15550,PIL5,GA3OX1,R,"16303558, 17449805, 17933900, 16740147, 18487351",
AT2G20180,AT1G19180,PIL5,JAZ1,R,19244139,
AT2G20180,AT1G30040,PIL5,GA2OX2,A,"16303558, 17449805, 17933900, 16740147, 18487351",
AT2G20180,AT1G52920,PIL5,GPCR,A,19244139,
AT2G20180,AT1G66350,PIL5,RGL1,R,19244139,
AT2G20180,AT1G69010,PIL5,BIM2,A,19244139,
AT2G20180,AT1G69720,PIL5,HO3,A,18591656,
AT2G20180,AT1G72770,PIL5,HAB1,A,19244139,
AT2G20180,AT1G78390,PIL5,NCED9,A,"17449805, 19244139, 18487351",
AT2G20180,AT1G80340,PIL5,GA3OX2,R,"17449805, 16740147, 18487351, 17220175",
AT2G20180,AT2G01570,PIL5,RGA1,A,"17449805, 18653696, 19244139, 18487351",
AT2G20180,AT2G29090,PIL5,CYP707A2,R,19244139,
AT2G20180,AT2G36270,PIL5,ABI5,A,19244139,
AT2G20180,AT2G40220,PIL5,ABI4,R,19244139,
AT2G20180,AT3G04730,PIL5,IAA16,R,19244139,
AT2G20180,AT3G05120,PIL5,GID1A,A,19244139,
AT2G20180,AT3G11540,PIL5,SPY,A,17449805,
AT2G20180,AT3G24220,PIL5,NCED6,A,"17449805, 19244139, 18487351",
AT2G20180,AT3G24650,PIL5,ABI3,A,19244139,
AT2G20180,AT3G44310,PIL5,NIT1,A,19244139,
AT2G20180,AT3G44320,PIL5,NIT3,A,19244139,
AT2G20180,AT3G50660,PIL5,DWF4,R,19244139,
AT2G20180,AT3G61830,PIL5,ARF18,A,19244139,
AT2G20180,AT4G11140,PIL5,CRF1,R,19244139,
AT2G20180,AT4G18710,PIL5,BIN2,A,19244139,
AT2G20180,AT4G23750,PIL5,CRF2,R,19244139,
AT2G20180,AT4G26080,PIL5,ABI1,R,19244139,
AT2G20180,AT4G27440,PIL5,PORB,A,18591656,
AT2G20180,AT4G39920,PIL5,POR,A,18591656,
AT2G20180,AT5G08130,PIL5,BIM1,A,19244139,
AT2G20180,AT5G20960,PIL5,AAO1,A,19244139,
AT2G20180,AT5G27320,PIL5,GID1C,A,19244139,
AT2G20180,AT5G42750,PIL5,BKI1,R,19244139,
AT2G20180,AT5G53290,PIL5,CRF3,R,19244139,
AT2G20180,AT5G54190,PIL5,PORA,A,18591656,
AT2G20180,AT5G54510,PIL5,DFL1,R,19244139,
AT2G20180,AT5G66880,PIL5,SnRK2.3,R,19244139,
AT2G20180,AT5G67030,PIL5,ABA1,A,"17449805, 19244139, 18487351",
AT2G22300,AT3G48090,CAMTA3,EDS1,R,20377697,
AT2G22300,AT4G25470,CAMTA3,CBF2,A,"19270185, 19270186",
AT2G22540,AT1G24260,SVP,SEP3,R,19460347,
AT2G22540,AT1G26310,SVP,CAL,A,18694458,
AT2G22540,AT1G65480,SVP,FT,R,"20110261, 19695946, 19187043, 18000016, 19014493, 17322399, 18453531, 18606145",
AT2G22540,AT2G45660,SVP,AGL20,R,"19011118, 19376936, 19304997",
AT2G22540,AT4G18960,SVP,AG,R,"17409064, 17114273, 16679456",
AT2G22540,AT4G35900,SVP,FD,R,"19695946, 21282611, 19304997",
AT2G22630,AT1G69120,AGL17,AP1,A,18363787,
AT2G22630,AT5G61850,AGL17,LFY,A,18363787,
AT2G22770,AT2G39310,NAI1,JAL22,A,"18780803, 18467340",
AT2G22770,AT2G39330,NAI1,JAL23,A,"18780803, 18467340",
AT2G22770,AT3G09260,NAI1,PYK10,A,"18248598, 15155889, 18780803",
AT2G22770,AT3G15950,NAI1,NAI2,A,18780803,
AT2G22770,AT3G16420,NAI1,JAL30,A,"15155889, 18780803",
AT2G22770,AT3G16430,NAI1,JAL31,A,"18780803, 18467340",
AT2G23760,AT4G08150,BLH4,KNAT1,R,"18398054, 17873098",
AT2G24570,AT2G40750,WRKY17,WRKY54,R,17114354,
AT2G24570,AT3G45140,WRKY17,LOX2,A,17114354,
AT2G24570,AT3G56400,WRKY17,WRKY70,R,17114354,
AT2G24570,AT4G31550,WRKY17,WRKY11,A,17114354,
AT2G24570,AT5G42650,WRKY17,AOS,A,17114354,
AT2G26150,AT1G56600,HSFA2,GOLS2,A,"18502973, 15610345",
AT2G26150,AT1G60470,HSFA2,ATGOLS4,A,18502973,
AT2G26150,AT1G74310,HSFA2,HSP101,A,17890230,
AT2G26150,AT2G47180,HSFA2,GOLS1,A,"18502973, 15610345",
AT2G26150,AT3G09640,HSFA2,APX2,A,17085506,
AT2G26150,AT3G22840,HSFA2,ELIP1,A,17890230,
AT2G26150,AT3G24500,HSFA2,MBF1C,A,17890230,
AT2G26150,AT3G57520,HSFA2,ATSIP2,A,18502973,
AT2G27050,AT1G74710,EIL1,EDS16,R,19717619,
AT2G27050,AT3G23240,EIL1,ERF1,A,"16682641, 15181103, 11359609, 15489282, 12045274",
AT2G27050,AT4G27440,EIL1,PORB,A,19948955,
AT2G27050,AT5G54190,EIL1,PORA,A,19948955,
AT2G27300,AT1G65480,NTL8,FT,R,17158162,
AT2G27990,AT1G26310,BLH8,CAL,A,18298668,
AT2G27990,AT1G69120,BLH8,AP1,A,"18298668, 15120075",
AT2G27990,AT5G61850,BLH8,LFY,A,"18298668, 15120075, 19154317",
AT2G28160,AT1G01580,FRU,FRO2,A,"15556641, 16117851, 16790430, 15539473, 19017117, 19154225",
AT2G28160,AT3G58810,FRU,MTPA2,R,16709200,
AT2G28160,AT3G60330,FRU,AHA7,A,19154225,
AT2G28160,AT5G03570,FRU,ATIREG2,A,16790430,
AT2G28350,AT3G11260,ARF10,WOX5,R,20543136,
AT2G28550,AT1G65480,RAP2.7,FT,R,"17890372, 19154317",
AT2G28610,AT4G00180,PRS,YAB3,R,"19704613, 17351053",
AT2G30250,AT1G74310,WRKY25,HSP101,A,19125253,
AT2G30250,AT2G14610,WRKY25,PR1,R,"17214894, 18776063, 18316638",
AT2G30250,AT2G26150,WRKY25,HSFA2,A,19125253,
AT2G30250,AT4G36990,WRKY25,HSF4,A,19125253,
AT2G30250,AT5G62020,WRKY25,HSFB2A,A,19125253,
AT2G30432,AT3G27920,TCL1,GL1,R,17933793,
AT2G33810,AT1G69120,SPL3,AP1,A,"19686687, 15882589",
AT2G33810,AT5G60910,SPL3,AGL8,A,19686687,
AT2G33810,AT5G61850,SPL3,LFY,A,19686687,
AT2G33835,AT5G10140,FES1,FLC,A,"17908157, 17138694",
AT2G33860,AT2G45190,ETT,AFO,A,"18753245, 16682355",
AT2G33860,AT4G36930,ETT,SPT,R,"16682356, 20176890, 16055634, 16740145",
AT2G33860,AT5G20930,ETT,TSL,R,16682356,
AT2G33880,AT2G17950,WOX9,WUS,A,"15753038, 18804438, 17706632, 16428600",
AT2G33880,AT3G11260,WOX9,WOX5,A,18804438,
AT2G34710,AT1G65620,PHB,AS2,A,14508003,
AT2G34710,AT2G17950,PHB,WUS,R,17898423,
AT2G34710,AT2G45190,PHB,AFO,A,11525739,
AT2G34710,AT3G52770,PHB,ZPR3,A,18408069,
AT2G34710,AT5G16560,PHB,KAN,R,"11525739, 12045283",
AT2G36010,AT2G31650,E2F3,AT2G31650,A,16771839,
AT2G36010,AT3G54180,E2F3,CDKB1;1,A,15308755,
AT2G36010,AT5G22220,E2F3,E2F1,A,16514015,
AT2G36010,AT5G24330,E2F3,ATXR6,A,16771839,
AT2G36270,AT2G36270,ABI5,ABI5,A,"10760247, 19392689, 11115891, 18441225, 12177466",
AT2G36270,AT2G40170,ABI5,GEA6,A,"12000684, 19541597, 17461784, 12410810, 12084834",
AT2G36270,AT2G41940,ABI5,ZFP8,R,17704233,
AT2G36270,AT3G11410,ABI5,PP2CA,A,16339800,
AT2G36270,AT3G51810,ABI5,EM1,A,"12000684, 19622176, 12410810, 12084834",
AT2G36270,AT4G16160,ABI5,OEP16-2,A,16709189,
AT2G36270,AT5G56270,ABI5,WRKY2,A,19622176,
AT2G36270,AT5G65165,ABI5,SDH2-3,A,19261733,
AT2G36270,AT5G66400,ABI5,AT5G66400,A,18332440,
AT2G36890,AT1G44575,RAX2,NPQ4,A,18397371,
AT2G36890,AT5G53950,RAX2,CUC2,A,16473968,
AT2G37260,AT1G79840,TTG2,GL2,A,17766401,
AT2G37260,AT2G37260,TTG2,TTG2,A,17766401,
AT2G37630,AT1G23380,AS1,KNAT6,R,"14508003, 17601823, 15749758",
AT2G37630,AT1G32240,AS1,KAN2,R,17559509,
AT2G37630,AT1G70510,AS1,KNAT2,R,"18203921, 11934861, 12401187, 19088331, 11283332, 11917137, 15833920, 19891706, 14871310, 17259263, 14508003, 12586863, 17601823, 16166385",
AT2G37630,AT2G26580,AS1,YAB5,R,17559509,
AT2G37630,AT2G33860,AS1,ETT,R,17559509,
AT2G37630,AT2G34710,AS1,PHB,A,"16006579, 15208415, 17028202",
AT2G37630,AT2G45190,AS1,AFO,R,16682355,
AT2G37630,AT3G15170,AS1,CUC1,R,18156293,
AT2G37630,AT4G08150,AS1,KNAT1,R,"18203921, 11934861, 19088331, 16971475, 11917137, 17873098, 15833920, 17592013, 16166385",
AT2G37630,AT5G03680,AS1,PTL,R,18156293,
AT2G37630,AT5G53950,AS1,CUC2,R,18156293,
AT2G37630,AT5G63090,AS1,LOB,A,17601823,
AT2G38470,AT1G06160,WRKY33,ORA59,R,17616737,
AT2G38470,AT2G14610,WRKY33,PR1,R,"18776063, 18316638",
AT2G38470,AT3G12500,WRKY33,ATHCHIB,A,17059405,
AT2G38470,AT3G15210,WRKY33,ERF4,R,17616737,
AT2G38470,AT3G23240,WRKY33,ERF1,A,17616737,
AT2G38470,AT3G26830,WRKY33,PAD3,A,18650934,
AT2G38470,AT3G52430,WRKY33,PAD4,R,17059405,
AT2G38470,AT5G07100,WRKY33,WRKY26,A,17616737,
AT2G38470,AT5G60890,WRKY33,MYB34,R,17616737,
AT2G40220,AT1G69180,ABI4,CRC,A,11115891,
AT2G40220,AT2G19450,ABI4,TAG1,A,21515696,
AT2G40220,AT2G36270,ABI4,ABI5,A,"10760247, 19392689, 11115891, 18441225",
AT2G40220,AT2G40220,ABI4,ABI4,A,"10760247, 19392689, 11115891, 18441225",
AT2G40220,AT3G24650,ABI4,ABI3,A,11115891,
AT2G40220,AT4G27160,ABI4,AT2S3,A,11115891,
AT2G40220,AT5G03650,ABI4,SBE2.2,A,19392689,
AT2G40220,AT5G65165,ABI4,SDH2-3,A,19261733,
AT2G40950,AT2G46680,BZIP17,ATHB-7,A,17662035,
AT2G42200,AT2G30432,SPL9,TCL1,A,20622149,
AT2G42200,AT5G53200,SPL9,TRY,A,20622149,
AT2G42830,AT4G00120,SHP2,IND,A,"19478073, 20409275",
AT2G42830,AT5G67110,SHP2,ALC,A,20409275,
AT2G43010,AT1G29910,PIF4,CAB3,A,16500988,
AT2G43010,AT4G14130,PIF4,XTR7,A,15705950,
AT2G43010,AT5G13930,PIF4,TT4,A,"15705950, 16500988",
AT2G43010,AT5G59320,PIF4,LTP3,A,18216857,
AT2G45190,AT1G69120,AFO,AP1,A,"10323860, 9878633",
AT2G45190,AT2G34710,AFO,PHB,A,18184731,
AT2G45190,AT2G42830,AFO,SHP2,A,17023565,
AT2G45190,AT4G18960,AFO,AG,R,16714408,
AT2G45190,AT5G60910,AFO,AGL8,A,"17023565, 16192305, 19052256",
AT2G45660,AT1G24260,AGL20,SEP3,R,19460347,
AT2G45660,AT5G61850,AGL20,LFY,A,"18466303, 15695467, 19482969, 19482972",
AT2G46270,AT4G10040,GBF3,CYTC-2,A,19098132,
AT2G46410,AT1G63650,CPC,EGL3,A,19014692,
AT2G46410,AT1G79840,CPC,GL2,R,"12403712, 12756173, 12356720, 18266916, 17644729, 16207757, 17027738, 15542499",
AT2G46410,AT2G37260,CPC,TTG2,R,17766401,
AT2G46410,AT2G46410,CPC,CPC,R,"15342905, 16176989, 19395683, 11910008, 12468740, 16908503",
AT2G46410,AT5G14750,CPC,WER,R,"15342905, 16176989, 19395683, 11910008, 12468740, 16908503",
AT2G46410,AT5G40330,CPC,MYB23,R,19395683,
AT2G46410,AT5G41315,CPC,GL3,A,"19014692, 19395683",
AT2G46410,AT5G53200,CPC,TRY,R,"12356720, 15967776",
AT2G46680,AT2G33380,ATHB-7,RD20,A,19552804,
AT2G46770,AT1G16490,EMB2301,MYB58,A,19122102,
AT2G46770,AT1G28470,EMB2301,ANAC010,A,18952777,
AT2G46770,AT1G62990,EMB2301,KNAT7,A,18952777,
AT2G46770,AT1G79180,EMB2301,MYB63,A,19122102,
AT2G46770,AT4G33450,EMB2301,MYB69,A,18952777,
AT2G46770,AT5G12870,EMB2301,MYB46,A,"18952777, 17890373",
AT2G46770,AT5G56110,EMB2301,AT5G56110,A,18952777,
AT2G46830,AT1G01060,CCA1,LHY,R,"17496120, 19218364, 12096093, 19675111, 16729049, 10097183, 10469647",
AT2G46830,AT1G04400,CCA1,CRY2,A,15748298,
AT2G46830,AT1G22770,CCA1,GI,R,"16006578, 19011118, 21205033, 12015970, 17504813, 15014450, 21474993, 19029881, 18480377, 21483796, 21236675, 10469647",
AT2G46830,AT1G29930,CCA1,CAB1,A,"17229141, 10482655",
AT2G46830,AT1G32900,CCA1,GBSS1,A,"16055686, 12777053",
AT2G46830,AT1G65480,CCA1,FT,A,"19011118, 15014450",
AT2G46830,AT2G21660,CCA1,ATGRP7,R,"12574129, 17617174, 12096093, 14555691",
AT2G46830,AT2G40080,CCA1,ELF4,R,21499259,
AT2G46830,AT2G43010,CCA1,PIF4,A,19805390,
AT2G46830,AT2G46790,CCA1,APRR9,A,"15649364, 17683937, 17483414, 19377451, 20233950",
AT2G46830,AT3G17820,CCA1,GLN1.3,A,18344319,
AT2G46830,AT3G46640,CCA1,PCL1,R,"18375597, 21447790, 16006522",
AT2G46830,AT3G47340,CCA1,ASN1,R,18344319,
AT2G46830,AT3G59060,CCA1,PIL6,A,19805390,
AT2G46830,AT5G02810,CCA1,APRR7,A,"15649364, 17877705, 17683937, 17483414, 19377451, 20233950",
AT2G46830,AT5G15840,CCA1,CO,R,"16006578, 19011118, 12015970, 17504813, 15014450, 19029881, 18480377, 10469647",
AT2G46830,AT5G18170,CCA1,GDH1,R,18344319,
AT2G46830,AT5G49450,CCA1,bZIP1,R,18344319,
AT2G46830,AT5G52310,CCA1,LTI78,R,17227550,
AT2G46830,AT5G57360,CCA1,ZTL,R,18344319,
AT2G46830,AT5G61380,CCA1,TOC1,R,"18344319, 14741378, 16595397, 19286557, 17616736, 21205033, 12015970, 12096092, 19029881, 21474993, 11486091, 21483796, 20233950, 21236675, 18614706",
AT2G46870,AT3G58780,NGA1,SHP1,A,19435933,
AT2G46970,AT1G02340,PIL1,HFR1,A,16322556,
AT2G46970,AT2G46790,PIL1,APRR9,A,16891401,
AT2G47190,AT1G77120,MYB2,ADH1,A,"12509522, 10938799, 16027132, 15122027, 9611167, 15560794, 18441225",
AT2G47190,AT5G25610,MYB2,RD22,A,"18711121, 12509522, 12679534, 9368419, 12045276, 17075077, 15548743, 12417701, 15208388, 15316114",
AT2G47460,AT3G51240,MYB12,TT6,A,"19933203, 18643978",
AT2G47460,AT4G15480,MYB12,UGT84A1,A,19933203,
AT2G47460,AT5G08640,MYB12,FLS1,A,"18643978, 15923334",
AT2G47460,AT5G13930,MYB12,TT4,A,"17012405, 18643978, 17337630",
AT3G01140,AT1G01510,MYB106,AN,R,19648171,
AT3G01470,AT1G07900,ATHB-1,LBD1,R,20675575,
AT3G01470,AT2G19590,ATHB-1,ATACO1,A,"19880793, 19891701",
AT3G02990,AT2G26150,HSFA1E,HSFA2,A,21471117,
AT3G03450,AT2G04240,RGL2,XERICO,A,18941053,
AT3G03450,AT2G27300,RGL2,NTL8,A,18363782,
AT3G03450,AT2G36270,RGL2,ABI5,A,18941053,
AT3G03450,AT2G41940,RGL2,ZFP8,R,17704233,
AT3G03450,AT3G24650,RGL2,ABI3,A,16916886,
AT3G04670,AT2G14610,WRKY39,PR1,A,20396965,
AT3G04670,AT3G24500,WRKY39,MBF1C,A,20396965,
AT3G07650,AT1G65480,COL9,FT,R,16115071,
AT3G07650,AT5G15840,COL9,CO,R,16115071,
AT3G10800,AT5G42020,BZIP28,BIP2,A,"18156219, 19017746",
AT3G11440,AT2G16910,MYB65,AMS,A,17666023,
AT3G12250,AT2G14610,TGA6,PR1,A,"17369431, 17172357",
AT3G12250,AT5G44420,TGA6,PDF1.2,R,17397508,
AT3G13540,AT1G71030,MYB5,MYBL2,A,"19136646, 19401413",
AT3G13540,AT1G79840,MYB5,GL2,A,"19136646, 19401413",
AT3G13540,AT2G23550,MYB5,MES6,A,"19136646, 19401413",
AT3G13540,AT2G23580,MYB5,ABE4,A,"19136646, 19401413",
AT3G13540,AT2G37260,MYB5,TTG2,A,"17766401, 18992236",
AT3G13890,AT2G38080,MYB26,IRX12,A,19327132,
AT3G13890,AT2G46770,MYB26,EMB2301,A,"17329564, 17890373",
AT3G13890,AT3G61910,MYB26,ANAC066,A,"17329564, 17890373",
AT3G13890,AT4G18780,MYB26,IRX1,A,19327132,
AT3G13890,AT5G17420,MYB26,IRX3,A,19327132,
AT3G13890,AT5G54690,MYB26,IRX8,A,19327132,
AT3G15170,AT1G23380,CUC1,KNAT6,A,16798887,
AT3G15170,AT1G55580,CUC1,LAS,A,"17122068, 18346190",
AT3G15170,AT1G62360,CUC1,BUM1,A,"12610213, 20409270, 14617069, 15882589, 10079219, 16139212, 12011335",
AT3G15170,AT1G76420,CUC1,CUC3,A,12837947,
AT3G15170,AT2G31160,CUC1,LSH3,A,21435050,
AT3G15170,AT3G23290,CUC1,LSH4,A,21435050,
AT3G15210,AT3G12500,ERF4,ATHCHIB,R,16021341,
AT3G15210,AT5G44420,ERF4,PDF1.2,R,"18467450, 20097792, 16183832",
AT3G15210,AT5G52300,ERF4,LTI65,R,16021341,
AT3G15210,AT5G57050,ERF4,ABI2,R,16021341,
AT3G15210,AT5G66400,ERF4,AT5G66400,R,16021341,
AT3G15500,AT3G45140,ANAC055,LOX2,A,18427573,
AT3G15500,AT5G24780,ANAC055,VSP1,A,18427573,
AT3G15500,AT5G51070,ANAC055,ERD1,A,19126699,
AT3G15510,AT1G11840,AT3G15510,ATGLX1,A,16359384,
AT3G15510,AT4G33150,AT3G15510,LKR,R,16359384,
AT3G16770,AT2G47730,RAP2.3,GSTF8,A,"17204538, 15980186",
AT3G16770,AT3G23240,RAP2.3,ERF1,A,17204538,
AT3G16770,AT4G36920,RAP2.3,AP2,A,17204538,
AT3G16770,AT5G44420,RAP2.3,PDF1.2,A,15980186,
AT3G16857,AT5G62920,ARR1,ARR6,A,"145101414, 12045269, 11842139, 12417700, 15258171, 11691951",
AT3G17609,AT1G12110,HYH,NRT1.1,R,19540016,
AT3G17609,AT1G12370,HYH,AT1G12370,A,20487384,
AT3G17609,AT1G37130,HYH,NIA2,A,"19540016, 19933203",
AT3G17609,AT3G22840,HYH,ELIP1,A,18055587,
AT3G17609,AT3G47430,HYH,PEX11B,A,"19704562, 18203870",
AT3G17609,AT5G13930,HYH,TT4,A,18055587,
AT3G18990,AT1G65480,VRN1,FT,A,"19175767, 12676326",
AT3G18990,AT2G03220,VRN1,FT1,A,"18359843, 19304997",
AT3G18990,AT4G16845,VRN1,VRN2,R,"19175767, 16055679, 19304997, 16500994",
AT3G18990,AT5G10140,VRN1,FLC,R,"16236152, 16507079, 19255487, 20409274, 17980595, 10716723",
AT3G19290,AT5G52300,ABF4,LTI65,A,"11005831, 12084834",
AT3G20310,AT5G44420,ERF7,PDF1.2,R,20097792,
AT3G20770,AT1G62380,EIN3,ATACO2,A,17011517,
AT3G20770,AT1G74710,EIN3,EDS16,R,"20097792, 19717619",
AT3G20770,AT2G19590,EIN3,ATACO1,A,17011517,
AT3G20770,AT2G25490,EIN3,EBF1,A,"18466304, 17085683",
AT3G20770,AT3G12500,EIN3,ATHCHIB,A,17965144,
AT3G20770,AT3G23240,EIN3,ERF1,A,"16682641, 12606727, 15208412, 11359609, 18466304, 9843677, 9851977, 18212030, 12045274, 12509529, 10648789",
AT3G20770,AT4G27440,EIN3,PORB,A,19948955,
AT3G20770,AT5G25350,EIN3,EBF2,A,18466304,
AT3G20770,AT5G44420,EIN3,PDF1.2,A,17965144,
AT3G20770,AT5G47220,EIN3,ERF2,A,16183832,
AT3G20770,AT5G47230,EIN3,ERF5,A,18273012,
AT3G20770,AT5G54190,EIN3,PORA,A,19948955,
AT3G22170,AT2G37678,FHY3,FHY1,A,"12753585, 18715961, 11711433, 19208901, 21097709, 18033885",
AT3G22170,AT2G40080,FHY3,ELF4,A,21499259,
AT3G22170,AT5G02200,FHY3,FHL,A,"16045472, 18715961, 19208901, 21097709, 18033885",
AT3G23130,AT1G23420,SUP,INO,R,"15131247, 10601041, 12183380, 14731261, 15299139",
AT3G23130,AT2G17950,SUP,WUS,R,18441215,
AT3G23130,AT3G54340,SUP,AP3,R,"16412084, 1352237, 20097792, 11935018, 11006335, 10929133",
AT3G23130,AT5G20240,SUP,PI,R,"7958839, 20097792, 11006335",
AT3G23250,AT4G25470,MYB15,CBF2,R,"19270185, 19270186",
AT3G23250,AT4G25480,MYB15,CBF3,R,"17416732, 19270185, 19270186, 19704769, 17015446",
AT3G23250,AT4G25490,MYB15,CBF1,R,"19270185, 19270186",
AT3G24650,AT1G03790,ABI3,SOM,A,21467583,
AT3G24650,AT1G45249,ABI3,ABF2,R,12857845,
AT3G24650,AT1G69180,ABI3,CRC,A,"11737778, 15695463",
AT3G24650,AT2G36270,ABI3,ABI5,A,"19622176, 12857845, 12410810, 18441225",
AT3G24650,AT2G40170,ABI3,GEA6,A,"14676287, 12000684, 10937696, 17461784",
AT3G24650,AT3G03450,ABI3,RGL2,A,16916886,
AT3G24650,AT3G06120,ABI3,MUTE,A,10652132,
AT3G24650,AT3G11410,ABI3,PP2CA,A,16339800,
AT3G24650,AT3G19290,ABI3,ABF4,R,12857845,
AT3G24650,AT3G22370,ABI3,AOX1A,A,19482916,
AT3G24650,AT3G24650,ABI3,ABI3,A,16731585,
AT3G24650,AT3G26790,ABI3,FUS3,A,16731585,
AT3G24650,AT3G51810,ABI3,EM1,A,"8631935, 14676287, 12000684, 19622176, 11457920, 10948227",
AT3G24650,AT4G16160,ABI3,OEP16-2,A,16709189,
AT3G24650,AT4G27140,ABI3,T24A18.90,A,10527428,
AT3G24650,AT4G27160,ABI3,AT2S3,A,"14597573, 18476867",
AT3G24650,AT4G34000,ABI3,ABF3,R,12857845,
AT3G24650,AT5G03840,ABI3,TFL1,A,17693531,
AT3G24650,AT5G52310,ABI3,LTI78,A,11169177,
AT3G24650,AT5G54070,ABI3,HSFA9,A,"18315542, 17220197, 19541597",
AT3G24650,AT5G56270,ABI3,WRKY2,A,19622176,
AT3G24650,AT5G65165,ABI3,SDH2-3,A,19261733,
AT3G24650,AT5G66400,ABI3,AT5G66400,A,11169177,
AT3G24650,AT5G67030,ABI3,ABA1,A,17693531,
AT3G25710,AT5G42800,BHLH32,DFR,R,17376028,
AT3G26744,AT2G42540,ICE1,COR15A,A,12672693,
AT3G26744,AT3G23250,ICE1,MYB15,R,"17416732, 19211694, 19704769, 17015446",
AT3G26744,AT3G61190,ICE1,BAP1,A,21098676,
AT3G26744,AT4G25470,ICE1,CBF2,A,12672693,
AT3G26744,AT4G25480,ICE1,CBF3,A,"21486303, 17416732, 16702557, 14673035, 12672693, 16214899, 17015446",
AT3G26744,AT4G25490,ICE1,CBF1,A,"16896234, 12672693",
AT3G26744,AT5G52310,ICE1,LTI78,A,12672693,
AT3G26744,AT5G53210,ICE1,SPCH,A,18641265,
AT3G26790,AT1G06180,FUS3,MYB13,R,9681014,
AT3G26790,AT1G15550,FUS3,GA3OX1,R,15363412,
AT3G26790,AT1G62290,FUS3,AT1G62290,A,15695450,
AT3G26790,AT1G69180,FUS3,CRC,A,"18508955, 15695463",
AT3G26790,AT1G80340,FUS3,GA3OX2,R,"15516508, 18422904",
AT3G26790,AT2G40170,FUS3,GEA6,A,12529517,
AT3G26790,AT2G41260,FUS3,M17,A,12529517,
AT3G26790,AT3G24650,FUS3,ABI3,A,"17208960, 145100641, 10634906, 16731585, 12529517, 9286105, 18476867",
AT3G26790,AT3G26790,FUS3,FUS3,A,"17208960, 16731585, 18476867",
AT3G26790,AT3G51810,FUS3,EM1,R,10948227,
AT3G26790,AT4G27160,FUS3,AT2S3,A,"18508955, 14597573, 18047557, 15695463",
AT3G26790,AT5G24520,FUS3,TTG1,R,"15516508, 18047557",
AT3G26790,AT5G65165,FUS3,SDH2-3,A,19261733,
AT3G26790,AT5G66400,FUS3,AT5G66400,A,12529517,
AT3G26790,AT5G67300,FUS3,MYBR1,A,18281415,
AT3G27785,AT1G21970,MYB118,LEC1,A,18695688,
AT3G27810,AT3G06490,MYB21,MYB108,A,19091873,
AT3G27810,AT3G22370,MYB21,AOX1A,A,11967090,
AT3G27920,AT1G01380,GL1,ETC1,A,"17885086, 18644155",
AT3G27920,AT1G79840,GL1,GL2,A,"9477315, 12974811, 19395683, 17885086, 15584952, 18948276",
AT3G27920,AT2G37260,GL1,TTG2,A,17766401,
AT3G27920,AT2G46410,GL1,CPC,A,"19136646, 18766177, 17885086, 18644155, 19772572",
AT3G27920,AT4G01060,GL1,ETC3,A,18644155,
AT3G27920,AT5G53200,GL1,TRY,A,"19136646, 9836744, 18766177, 18644155",
AT3G28470,AT5G56110,TDF1,AT5G56110,A,18397379,
AT3G28910,AT1G01120,MYB30,KCS1,A,19376931,
AT3G28910,AT1G02205,MYB30,CER1,A,18326828,
AT3G28910,AT1G04220,MYB30,KCS2,A,19376931,
AT3G28910,AT1G74710,MYB30,EDS16,A,16730712,
AT3G28910,AT2G26250,MYB30,KCS10,A,19376931,
AT3G28910,AT4G33790,MYB30,CER4,A,18326828,
AT3G44750,AT2G34710,HDA3,PHB,A,17293570,
AT3G44750,AT2G45190,HDA3,AFO,A,17293570,
AT3G44750,AT4G37870,HDA3,AT4G37870,R,21406501,
AT3G46640,AT1G01060,PCL1,LHY,A,"16164597, 16326927, 18296724, 16006522",
AT3G46640,AT1G22770,PCL1,GI,R,"16164597, 16326927, 18296724, 16006522",
AT3G46640,AT2G40080,PCL1,ELF4,R,16164597,
AT3G46640,AT2G46830,PCL1,CCA1,A,"16164597, 16326927, 18296724, 16006522",
AT3G46640,AT3G46640,PCL1,PCL1,R,"16164597, 16326927, 18296724, 16006522",
AT3G46640,AT5G61380,PCL1,TOC1,R,16164597,
AT3G48160,AT4G11920,DEL1,CCS52A2,R,"18787127, 19458112",
AT3G48430,AT5G10140,REF6,FLC,R,"18390846, 15377760",
AT3G48430,AT5G57560,REF6,TCH4,A,18467490,
AT3G49940,AT4G09820,LBD38,TT8,R,19933203,
AT3G50410,AT1G49620,OBP1,ICK5,A,18665917,
AT3G50410,AT2G02820,OBP1,MYB88,A,18665917,
AT3G50410,AT2G47730,OBP1,GSTF8,A,"9207153, 14617062, 10074718, 9011080",
AT3G51060,AT1G59500,STY1,GH3.4,A,19435933,
AT3G51060,AT2G23170,STY1,GH3.3,A,16740145,
AT3G51060,AT4G01500,STY1,NGA4,A,19435933,
AT3G51060,AT4G27260,STY1,WES1,A,19435933,
AT3G51060,AT4G37390,STY1,BRU6,A,"19435933, 16740145",
AT3G51060,AT5G11320,STY1,YUC4,A,"19435937, 18811619, 19435933, 16740145",
AT3G51060,AT5G54510,STY1,DFL1,A,19435933,
AT3G54220,AT1G03840,SCR,MGP,A,17785527,
AT3G54220,AT3G12280,SCR,RBR1,A,16377572,
AT3G54220,AT5G03150,SCR,JKD,A,17785527,
AT3G54320,AT2G40170,WRI1,GEA6,R,16632590,
AT3G54320,AT2G43360,WRI1,BIO2,A,19279196,
AT3G54320,AT3G22960,WRI1,PKP-ALPHA,A,17892448,
AT3G54320,AT3G24650,WRI1,ABI3,R,16632590,
AT3G54320,AT5G15530,WRI1,BCCP2,A,"19279196, 19719479",
AT3G54320,AT5G49190,WRI1,ATSUS2,A,17419836,
AT3G54320,AT5G52920,WRI1,PKP-BETA1,A,"17892448, 19719479",
AT3G54340,AT1G57990,AP3,PUP18,A,18417639,
AT3G54340,AT1G69120,AP3,AP1,R,"16640596, 18417639, 19033361",
AT3G54340,AT1G69180,AP3,CRC,A,"15598802, 14729915",
AT3G54340,AT1G69490,AP3,NAP,A,"9489703, 11041886, 18417639",
AT3G54340,AT2G15890,AP3,MEE14,A,18417639,
AT3G54340,AT2G29350,AP3,SAG13,A,18417639,
AT3G54340,AT3G23130,AP3,SUP,A,"9061945, 20409275, 11874573, 11006335",
AT3G54340,AT3G54340,AP3,AP3,A,"12121446, 11027713, 11923195, 16640596, 10607296, 7907276, 19033361",
AT3G54340,AT4G26150,AP3,GNL,R,18417639,
AT3G54340,AT4G29130,AP3,HXK1,A,18417639,
AT3G54340,AT4G30270,AP3,MERI5B,A,18417639,
AT3G54340,AT4G35770,AP3,AT4G35770,A,18417639,
AT3G54340,AT5G20240,AP3,PI,A,"11283333, 10769227, 15918886, 11526079, 19276203",
AT3G54340,AT5G26340,AP3,AtSTP13,A,18417639,
AT3G54340,AT5G56860,AP3,GNC,R,18417639,
AT3G54620,AT3G30775,BZIP25,ERD5,A,16810321,
AT3G55370,AT3G56970,OBP3,ORG2,A,12887587,
AT3G55370,AT3G56980,OBP3,ORG3,A,12887587,
AT3G55370,AT5G53450,OBP3,ORG1,A,12887587,
AT3G56400,AT1G19670,WRKY70,ATCLH1,R,16623907,
AT3G56400,AT1G75040,WRKY70,PR5,A,"18307823, 14742872",
AT3G56400,AT2G14560,WRKY70,LURP1,A,18346188,
AT3G56400,AT2G14610,WRKY70,PR1,A,"18713432, 14742872",
AT3G56400,AT2G18660,WRKY70,PNP-A,A,18307823,
AT3G56400,AT3G57260,WRKY70,BGL2,A,"18307823, 14742872",
AT3G56400,AT4G24240,WRKY70,WRKY7,R,16963526,
AT3G56400,AT5G44420,WRKY70,PDF1.2,R,"16813576, 16623907, 16183832, 18316638, 14742872",
AT3G58070,AT3G27920,GIS,GL1,A,"17704233, 16679458, 20622149",
AT3G58070,AT5G41315,GIS,GL3,A,16679458,
AT3G58780,AT4G00120,SHP1,IND,A,"19478073, 20409275",
AT3G58780,AT5G67110,SHP1,ALC,A,20409275,
AT3G59060,AT2G22810,PIL6,ACS4,A,18065691,
AT3G59060,AT4G37770,PIL6,ACS8,A,18065691,
AT3G59060,AT5G35840,PIL6,PHYC,R,18065691,
AT3G61850,AT1G15550,DAG1,GA3OX1,R,19874540,
AT3G61890,AT4G25420,ATHB-12,GA20OX1,R,20668225,
AT3G61910,AT1G16490,ANAC066,MYB58,A,19122102,
AT3G61910,AT1G28470,ANAC066,ANAC010,A,18952777,
AT3G61910,AT1G62990,ANAC066,KNAT7,A,18952777,
AT3G61910,AT1G79180,ANAC066,MYB63,A,19122102,
AT3G61910,AT5G12870,ANAC066,MYB46,A,"18952777, 17890373",
AT3G61910,AT5G56110,ANAC066,AT5G56110,A,18952777,
AT3G62420,AT3G30775,BZIP53,ERD5,A,16810321,
AT3G62420,AT5G65165,BZIP53,SDH2-3,A,19261733,
AT4G00120,AT3G57510,IND,ADPG1,A,19168715,
AT4G00120,AT4G36930,IND,SPT,A,20176890,
AT4G00120,ATMG00160,IND,cox2,R,11514566,
AT4G00180,AT1G62360,YAB3,BUM1,R,15208415,
AT4G00180,AT1G65620,YAB3,AS2,R,14508003,
AT4G00180,AT5G60910,YAB3,AGL8,A,"16192305, 19052256",
AT4G00220,AT1G23080,JLO,PIN7,R,17557810,
AT4G00220,AT1G62360,JLO,BUM1,A,17557810,
AT4G00220,AT1G70940,JLO,PIN3,R,"20852917, 17557810",
AT4G00220,AT1G73590,JLO,PIN1,R,"20852917, 17557810",
AT4G00220,AT2G01420,JLO,PIN4,R,17557810,
AT4G00220,AT2G37630,JLO,AS1,R,17557810,
AT4G00220,AT4G08150,JLO,KNAT1,A,17557810,
AT4G00220,AT4G34160,JLO,CYCD3;1,A,17557810,
AT4G00220,AT5G67260,JLO,CYCD3;2,A,17557810,
AT4G01250,AT2G19190,WRKY22,FRK1,A,15618416,
AT4G01250,AT4G23550,WRKY22,WRKY29,A,15618416,
AT4G01540,AT1G49620,NTM1,ICK5,A,17098812,
AT4G01540,AT4G34160,NTM1,CYCD3;1,A,17098812,
AT4G02560,AT2G45660,LD,AGL20,A,10995392,
AT4G02560,AT5G10140,LD,FLC,R,"16737527, 10995392, 20100201, 12207655, 11283346, 17138694, 15037730",
AT4G02560,AT5G61850,LD,LFY,A,10363371,
AT4G04450,AT3G23430,WRKY42,PHO1,R,19934380,
AT4G08150,AT4G08150,KNAT1,KNAT1,A,17873098,
AT4G08150,AT4G25420,KNAT1,GA20OX1,R,"12372247, 17461792",
AT4G08150,AT5G63090,KNAT1,LOB,A,17557810,
AT4G09820,AT1G61720,TT8,BAN,A,"16709193, 16167896, 15255866",
AT4G09820,AT1G71030,TT8,MYBL2,A,"19136646, 19401413",
AT4G09820,AT1G79840,TT8,GL2,A,"19136646, 19401413",
AT4G09820,AT2G23550,TT8,MES6,A,"19136646, 19401413",
AT4G09820,AT2G23580,TT8,ABE4,A,"19136646, 19401413",
AT4G09820,AT2G37260,TT8,TTG2,A,17766401,
AT4G09820,AT4G09820,TT8,TT8,A,"18532978, 18532977, 17098849, 11549766, 11041882, 17425717",
AT4G09820,AT5G42800,TT8,DFR,A,"18532978, 18532977, 17098849, 11549766, 11041882, 17425717",
AT4G09960,AT1G24260,STK,SEP3,A,14555696,
AT4G09960,AT2G42830,STK,SHP2,A,"14555696, 16925602",
AT4G09960,AT3G58780,STK,SHP1,A,"14555696, 16925602",
AT4G09960,AT4G18960,STK,AG,A,"14555696, 17110585",
AT4G15090,AT2G37678,AT4G15090,FHY1,A,"18670649, 18715961, 19208901, 21097709, 18033885",
AT4G15090,AT2G40080,AT4G15090,ELF4,A,21499259,
AT4G15090,AT3G22170,AT4G15090,FHY3,A,11889039,
AT4G15090,AT5G02200,AT4G15090,FHL,A,"18670649, 18715961, 19208901, 21097709, 18033885",
AT4G16110,AT3G23240,ARR2,ERF1,A,15282545,
AT4G16110,AT5G62920,ARR2,ARR6,A,"11842139, 12417700, 16407152",
AT4G16780,AT1G02340,ATHB-2,HFR1,A,16322556,
AT4G17750,AT1G56600,HSF1,GOLS2,A,"18502973, 15610345",
AT4G17750,AT2G22240,HSF1,MIPS2,A,15610345,
AT4G17750,AT2G47180,HSF1,GOLS1,A,"18502973, 15610345",
AT4G17750,AT5G12030,HSF1,HSP17.6A,A,17059409,
AT4G18960,AT1G15550,AG,GA3OX1,A,"17981996, 15634696",
AT4G18960,AT1G24260,AG,SEP3,A,"16640596, 17573799, 20409275, 15634696",
AT4G18960,AT1G68640,AG,PAN,R,20409275,
AT4G18960,AT1G69120,AG,AP1,R,"12826617, 7640351, 11923195, 16640596, 16854969",
AT4G18960,AT1G69180,AG,CRC,A,15634696,
AT4G18960,AT2G17950,AG,WUS,R,"11591338, 11703916, 19138429, 19897670, 14623445, 11440722, 16115063, 12045282, 17461793, 12530963",
AT4G18960,AT2G44810,AG,DAD1,A,"20021553, 17981996",
AT4G18960,AT3G23130,AG,SUP,A,"20409275, 11874573, 11006335",
AT4G18960,AT3G54340,AG,AP3,A,"16640596, 17573799, 20409275, 15634696",
AT4G18960,AT4G18960,AG,AG,A,15634696,
AT4G18960,AT4G27330,AG,SPL,A,"17666023, 20409275, 15458662, 16055634, 15254538, 18557819, 16284305",
AT4G18960,AT4G28520,AG,CRC,A,15634696,
AT4G18960,AT4G32980,AG,AT4G32980,A,18757555,
AT4G18960,AT4G36920,AG,AP2,R,"17573799, 1356630",
AT4G18960,AT5G14010,AG,KNU,A,20409275,
AT4G20380,AT1G08830,AT4G20380,CSD1,A,15980203,
AT4G20380,AT1G19250,AT4G20380,FMO1,R,16778014,
AT4G20380,AT1G20630,AT4G20380,AT1G20630,A,15347794,
AT4G20380,AT5G61900,AT4G20380,BON1,R,12857819,
AT4G21330,AT2G16910,DYT1,AMS,A,"17138695, 20118226",
AT4G21330,AT3G23770,DYT1,AT3G23770,A,17666023,
AT4G21330,AT3G28470,DYT1,TDF1,A,18397379,
AT4G21330,AT3G51590,DYT1,LTP12,A,17666023,
AT4G21330,AT5G22260,DYT1,MS1,A,"17666023, 20118226",
AT4G21750,AT2G42840,ATML1,AT2G42840,A,11439135,
AT4G23550,AT2G19190,WRKY29,FRK1,A,15618416,
AT4G23550,AT4G23550,WRKY29,WRKY29,A,15618416,
AT4G23810,AT4G23810,WRKY53,WRKY53,R,17369373,
AT4G24020,AT1G08100,NLP7,NRT2.2,A,18826430,
AT4G24240,AT2G14610,WRKY7,PR1,R,16963526,
AT4G24470,AT1G10550,TIFY1,XTH33,A,14966217,
AT4G24470,AT1G24260,TIFY1,SEP3,A,14966217,
AT4G24470,AT1G32170,TIFY1,XTR4,A,14966217,
AT4G24470,AT3G23730,TIFY1,XTH16,A,14966217,
AT4G24470,AT4G14130,TIFY1,XTR7,A,14966217,
AT4G24540,AT1G24260,AGL24,SEP3,R,19460347,
AT4G24540,AT2G45660,AGL24,AGL20,A,18339670,
AT4G24540,AT4G18960,AGL24,AG,R,"17409064, 17114273, 16679456",
AT4G24540,AT5G61850,AGL24,LFY,A,"18466303, 20074092, 19482969, 19482972",
AT4G25470,AT1G04240,CBF2,SHY2,A,19854800,
AT4G25470,AT1G13260,CBF2,RAV1,A,19854800,
AT4G25470,AT1G32640,CBF2,MYC2,R,19854800,
AT4G25470,AT1G43160,CBF2,RAP2.6,A,15173567,
AT4G25470,AT1G46768,CBF2,RAP2.1,A,"20230648, 15173567",
AT4G25470,AT1G77120,CBF2,ADH1,A,"15994234, 17092313",
AT4G25470,AT2G39030,CBF2,AT2G39030,A,15994234,
AT4G25470,AT2G42540,CBF2,COR15A,A,15994234,
AT4G25470,AT3G50970,CBF2,LTI30,A,18088305,
AT4G25470,AT4G25480,CBF2,CBF3,R,"15004278, 18093929, 16497677, 12672693, 16244146, 19457981",
AT4G25470,AT4G25490,CBF2,CBF1,R,"15004278, 18093929, 16497677, 12672693, 16244146, 19457981",
AT4G25470,AT5G15960,CBF2,KIN1,A,17092313,
AT4G25470,AT5G17490,CBF2,RGL3,A,18643985,
AT4G25470,AT5G52310,CBF2,LTI78,A,15994234,
AT4G25480,AT1G09350,CBF3,GOLS3,A,11846875,
AT4G25480,AT1G20440,CBF3,COR47,A,"17416732, 12068110, 15834008, 12164808, 14673034",
AT4G25480,AT1G20450,CBF3,ERD10,A,"12164808, 14673034",
AT4G25480,AT1G20620,CBF3,AT1G20620,A,12114563,
AT4G25480,AT1G43160,CBF3,RAP2.6,A,15173567,
AT4G25480,AT1G46768,CBF3,RAP2.1,A,"20230648, 15173567",
AT4G25480,AT2G15050,CBF3,LTP,A,18441337,
AT4G25480,AT2G42530,CBF3,COR15b,A,"15728337, 16617101",
AT4G25480,AT2G42540,CBF3,COR15A,A,"17416732, 16617101, 12068110, 11340180, 15834008, 12164808, 14673034",
AT4G25480,AT3G11410,CBF3,PP2CA,A,15834008,
AT4G25480,AT3G12580,CBF3,HSP70,A,15834008,
AT4G25480,AT3G50970,CBF3,LTI30,A,18088305,
AT4G25480,AT5G15960,CBF3,KIN1,A,"17416732, 16617101, 12068110, 11340180, 15834008",
AT4G25480,AT5G15970,CBF3,KIN2,A,"15728337, 16617101, 12068110, 11340180, 15834008, 12164808, 14673034",
AT4G25480,AT5G17490,CBF3,RGL3,A,18643985,
AT4G25480,AT5G25610,CBF3,RD22,A,11340180,
AT4G25480,AT5G52310,CBF3,LTI78,A,"16913865, 12376631, 21408135, 9707537, 11340180, 12164808, 10097388, 14673034",
AT4G25490,AT1G02400,CBF1,GA2OX6,A,18757556,
AT4G25490,AT1G15550,CBF1,GA3OX1,A,18757556,
AT4G25490,AT1G20440,CBF1,COR47,A,"18757556, 9881163",
AT4G25490,AT1G20630,CBF1,AT1G20630,A,"15341633, 12114563",
AT4G25490,AT1G43160,CBF1,RAP2.6,A,15173567,
AT4G25490,AT1G46768,CBF1,RAP2.1,A,"20230648, 15173567",
AT4G25490,AT2G34555,CBF1,GA2OX3,A,18757556,
AT4G25490,AT2G42540,CBF1,COR15A,A,"12114563, 9707537, 18757556, 9881163, 9636231",
AT4G25490,AT3G50970,CBF1,LTI30,A,18088305,
AT4G25490,AT3G55610,CBF1,P5CS2,A,18757556,
AT4G25490,AT5G15960,CBF1,KIN1,R,17092313,
AT4G25490,AT5G15970,CBF1,KIN2,A,9733520,
AT4G25490,AT5G17490,CBF1,RGL3,A,18757556,
AT4G25490,AT5G52310,CBF1,LTI78,A,"10097388, 9733520, 9636231",
AT4G25530,AT1G69120,FWA,AP1,A,"10583961, 9401118, 10097382, 10852935, 11382816, 10368173",
AT4G26150,AT1G57990,GNL,PUP18,A,18417639,
AT4G26150,AT2G15890,GNL,MEE14,D,18417639,"flower: R, leaf: A"
AT4G26150,AT2G29350,GNL,SAG13,A,18417639,
AT4G26150,AT4G29130,GNL,HXK1,R,18417639,
AT4G26150,AT4G30270,GNL,MERI5B,A,18417639,
AT4G26150,AT4G35770,GNL,AT4G35770,A,18417639,
AT4G26150,AT5G26340,GNL,AtSTP13,D,18417639,"flower: R, leaf: A"
AT4G27330,AT1G23420,SPL,INO,R,"17666023, 12183381, 17693535, 10601041, 15131247, 14731261, 15299139, 15328016",
AT4G27330,AT1G24260,SPL,SEP3,A,19726570,
AT4G27330,AT2G17950,SPL,WUS,A,15328016,
AT4G27330,AT4G13260,SPL,YUC2,R,18557819,
AT4G27330,AT4G18960,SPL,AG,A,19726570,
AT4G27330,AT4G21750,SPL,ATML1,R,17666023,
AT4G27330,AT4G32540,SPL,YUC1,R,18557819,
AT4G27330,AT4G36920,SPL,AP2,A,19726570,
AT4G27330,AT4G39400,SPL,BRI1,R,17666023,
AT4G27330,AT5G07280,SPL,EMS1,A,17666023,
AT4G27330,AT5G25620,SPL,YUC6,R,18557819,
AT4G27330,AT5G65700,SPL,AT5G65700,A,16751349,
AT4G27410,AT2G33380,RD26,RD20,A,"16284313, 15341629",
AT4G27410,AT5G51070,RD26,ERD1,A,19126699,
AT4G28110,AT4G05100,MYB41,MYB74,R,19211694,
AT4G28110,AT5G14340,MYB41,MYB40,R,19211694,
AT4G28610,AT2G02990,AtPHR1,RNS1,A,"18263782, 15894620",
AT4G28610,AT2G33770,AtPHR1,PHO2,R,"18564386, 17927693",
AT4G28610,AT2G45130,AtPHR1,SPX3,A,18315545,
AT4G28610,AT3G09922,AtPHR1,IPS1,A,"18263782, 16990375, 14718495, 15894620, 17461783",
AT4G28610,AT3G23430,AtPHR1,PHO1,A,17461783,
AT4G28610,AT3G52190,AtPHR1,PHF1,A,16284308,
AT4G28610,AT5G20150,AtPHR1,SPX1,R,18315545,
AT4G28610,AT5G24770,AtPHR1,VSP2,A,16258019,
AT4G30080,AT3G11260,ARF16,WOX5,R,20543136,
AT4G31550,AT2G24570,WRKY11,WRKY17,R,17114354,
AT4G31550,AT2G40750,WRKY11,WRKY54,R,17114354,
AT4G31550,AT3G45140,WRKY11,LOX2,A,17114354,
AT4G31550,AT3G56400,WRKY11,WRKY70,R,17114354,
AT4G31550,AT4G31550,WRKY11,WRKY11,A,17114354,
AT4G31550,AT5G42650,WRKY11,AOS,A,17114354,
AT4G31800,AT1G64280,WRKY18,NPR1,A,"19176722, 12068113",
AT4G31800,AT1G75040,WRKY18,PR5,A,16626474,
AT4G31800,AT2G14610,WRKY18,PR1,A,16963526,
AT4G31800,AT4G00340,WRKY18,AT4G00340,A,12068110,
AT4G31920,AT5G62920,ARR10,ARR6,A,"11842139, 12417700",
AT4G32730,AT1G08560,PC-MYB1,SYP111,A,19279197,
AT4G32880,AT4G37650,ATHB8,SHR,A,21128301,
AT4G32980,AT3G15170,AT4G32980,CUC1,A,18757555,
AT4G32980,AT5G10140,AT4G32980,FLC,A,17908157,
AT4G34000,AT3G11410,ABF3,PP2CA,A,15834008,
AT4G34000,AT3G12580,ABF3,HSP70,A,15834008,
AT4G34000,AT5G52300,ABF3,LTI65,A,15834008,
AT4G34590,AT3G30775,GBF6,ERD5,A,18088315,
AT4G34590,AT3G47340,GBF6,ASN1,A,"18088315, 19376782",
AT4G34990,AT4G22880,MYB32,LDOX,A,15584962,
AT4G34990,AT5G42800,MYB32,DFR,A,15584962,
AT4G35900,AT1G69120,FD,AP1,A,20409275,
AT4G36730,AT1G29930,GBF1,CAB1,A,16638747,
AT4G36730,AT4G10040,GBF1,CYTC-2,A,19098132,
AT4G36730,AT4G35090,GBF1,AT4G35090,R,20484024,
AT4G36870,AT4G08150,BLH2,KNAT1,R,"18398054, 18424140, 17873098",
AT4G36920,AT1G69180,AP2,CRC,R,15598802,
AT4G36920,AT1G79840,AP2,GL2,A,"14701918, 19401413",
AT4G36920,AT2G37260,AP2,TTG2,A,14701918,
AT4G36920,AT2G42830,AP2,SHP2,R,15598802,
AT4G36920,AT3G16770,AP2,RAP2.3,R,17204538,
AT4G36920,AT3G23240,AP2,ERF1,R,17204538,
AT4G36920,AT3G54340,AP2,AP3,A,17573799,
AT4G36920,AT3G58780,AP2,SHP1,R,15598802,
AT4G36920,AT4G18960,AP2,AG,R,"12826617, 17204538, 10948255, 11058164, 10215627, 18211474, 10588876, 17461793",
AT4G36920,AT4G36920,AP2,AP2,R,17204538,
AT4G36920,AT5G03840,AP2,TFL1,R,15486106,
AT4G36920,AT5G20240,AP2,PI,A,"7958839, 17573799",
AT4G36920,AT5G49360,AP2,BXL1,A,19458117,
AT4G36930,AT1G15550,SPT,GA3OX1,R,"16303558, 17023565, 17933900, 17461781, 18315540, 18422904, 17238911",
AT4G36930,AT1G80340,SPT,GA3OX2,R,"16303558, 18315540",
AT4G36930,AT4G36260,SPT,STY2,A,"20176890, 18315540",
AT4G37540,AT4G09820,LBD39,TT8,R,19933203,
AT4G37650,AT1G03840,SHR,MGP,A,17785527,
AT4G37650,AT1G50420,SHR,SCL3,A,17933900,
AT4G37650,AT3G54220,SHR,SCR,A,"20410882, 11672520, 14623445, 17933900, 15454085, 17785527, 15125773, 15542499",
AT4G37650,AT5G03150,SHR,JKD,A,17785527,
AT4G37750,AT1G23420,ANT,INO,A,"17666023, 12183381, 17693535, 15131247, 10601041, 14731261",
AT4G37750,AT1G69180,ANT,CRC,R,18184731,
AT4G37750,AT2G34710,ANT,PHB,A,"16714408, 18184731",
AT4G37750,AT2G45190,ANT,AFO,A,"17023565, 16714408, 18184731",
AT4G37750,AT3G54340,ANT,AP3,A,"16714408, 11935018",
AT4G37750,AT4G00180,ANT,YAB3,A,16714408,
AT4G37750,AT4G18960,ANT,AG,R,"12826617, 19542297, 10948255, 10215627, 16714408, 11041883, 15020744",
AT4G37750,AT4G27330,ANT,SPL,A,10976054,
AT4G37750,AT4G34160,ANT,CYCD3;1,A,"17726100, 16824178, 18410478, 15937226",
AT4G37750,AT5G60690,ANT,REV,A,18184731,
AT4G37750,AT5G61850,ANT,LFY,A,19542297,
AT4G38620,AT1G51680,MYB4,4CL1,R,11080161,
AT4G38620,AT1G65060,MYB4,4CL3,R,"15584962, 11080161",
AT4G38620,AT2G30490,MYB4,C4H,R,"17993626, 11826307, 15584962, 11080161, 18678754",
AT4G38620,AT3G53260,MYB4,PAL2,A,14675437,
AT4G38620,AT4G38620,MYB4,MYB4,R,17993626,
AT4G38620,AT5G13930,MYB4,TT4,R,19604393,
AT5G01900,AT1G64280,WRKY62,NPR1,A,17087469,
AT5G01900,AT2G14610,WRKY62,PR1,R,18776063,
AT5G01900,AT3G45140,WRKY62,LOX2,R,17510065,
AT5G01900,AT5G24770,WRKY62,VSP2,R,17510065,
AT5G02030,AT1G26310,RPL,CAL,A,18298668,
AT5G02030,AT1G69120,RPL,AP1,A,"18298668, 15120075",
AT5G02030,AT2G42830,RPL,SHP2,R,"20409275, 15155890",
AT5G02030,AT3G58780,RPL,SHP1,R,"20409275, 15155890",
AT5G02030,AT4G08150,RPL,KNAT1,A,17873098,
AT5G02030,AT4G18960,RPL,AG,R,"15722463, 17908157, 19175771, 16679456, 15155890",
AT5G02030,AT5G61850,RPL,LFY,A,18298668,
AT5G02030,AT5G67110,RPL,ALC,R,20409275,
AT5G02470,AT2G29680,DPA,CDC6,A,17012601,
AT5G02470,AT3G54180,DPA,CDKB1;1,A,16055635,
AT5G03150,AT3G54220,JKD,SCR,A,17785527,
AT5G03680,AT5G06070,PTL,RBE,A,20409275,
AT5G03790,AT1G26310,HB51,CAL,A,"18298668, 16554366, 19291320, 18694458",
AT5G04240,AT5G57560,ELF6,TCH4,A,18467490,
AT5G05410,AT1G01470,DREB2A,LEA14,A,17030801,
AT5G05410,AT1G52690,DREB2A,F6D8.9,A,18552202,
AT5G05410,AT2G41190,DREB2A,T3K9.4,A,18552202,
AT5G05410,AT2G42540,DREB2A,COR15A,A,17030801,
AT5G05410,AT3G12580,DREB2A,HSP70,A,17030801,
AT5G05410,AT3G17520,DREB2A,AT3G17520,A,17030801,
AT5G05410,AT3G50970,DREB2A,LTI30,A,"18088305, 17030801",
AT5G05410,AT4G33720,DREB2A,AT4G33720,A,18552202,
AT5G05410,AT5G52300,DREB2A,LTI65,A,18552202,
AT5G05410,AT5G52310,DREB2A,LTI78,A,"9707537, 17030801, 12694590, 11549764",
AT5G05410,AT5G59720,DREB2A,HSP18.2,A,17030801,
AT5G06070,AT4G18960,RBE,AG,R,16412084,
AT5G06100,AT2G16910,MYB33,AMS,A,17666023,
AT5G06100,AT5G61850,MYB33,LFY,A,"18298668, 17933900, 15882589, 11743113, 12940954",
AT5G06650,AT3G27920,GIS2,GL1,A,"17704233, 20622149",
AT5G06950,AT2G14610,TGA2,PR1,A,"16824183, 12897257, 10659709, 17369431, 16856987, 19915088, 15821979, 10662863, 17172357, 11489188",
AT5G06950,AT5G44420,TGA2,PDF1.2,A,"14615603, 12615947, 17397508",
AT5G06960,AT2G14610,OBF5,PR1,A,17172357,
AT5G06960,AT5G44420,OBF5,PDF1.2,R,17397508,
AT5G07100,AT1G63650,WRKY26,EGL3,R,17616737,
AT5G07100,AT3G55730,WRKY26,MYB109,R,17616737,
AT5G07100,AT5G60890,WRKY26,MYB34,R,17616737,
AT5G07690,AT1G16400,MYB29,CYP79F2,A,17420480,
AT5G07690,AT1G16410,MYB29,CYP79F1,A,17420480,
AT5G07690,AT4G13770,MYB29,CYP83A1,A,17420480,
AT5G07690,AT5G23010,MYB29,MAM1,A,18042203,
AT5G07690,AT5G61420,MYB29,MYB28,R,20348214,
AT5G07700,AT5G23010,MYB76,MAM1,A,18042203,
AT5G08130,AT4G38850,BIM1,SAUR15,A,"15680330, 17681130",
AT5G09750,AT3G57510,HEC3,ADPG1,A,19168715,
AT5G10140,AT1G04400,FLC,CRY2,R,"14605222, 17168895, 15037730, 14681523",
AT5G10140,AT1G18330,FLC,RVE7,R,16473970,
AT5G10140,AT1G65480,FLC,FT,R,"18667727, 19011118, 20110261, 19695946, 16600915, 19582143, 19563438, 18250331, 21282611, 15014450, 19304997, 19154317",
AT5G10140,AT2G45660,FLC,AGL20,R,"16600915, 18390846, 15618421, 15020744, 16623882, 12169635, 12940954",
AT5G10140,AT3G46640,FLC,PCL1,A,18375597,
AT5G10140,AT4G20370,FLC,TSF,R,"18667727, 20409274",
AT5G10140,AT4G35900,FLC,FD,R,"16600915, 18390846, 17908925, 15618421, 15020744, 12169635, 16623882",
AT5G10510,AT4G18960,AIL6,AG,A,19542297,
AT5G11260,AT1G12110,HY5,NRT1.1,R,19540016,
AT5G11260,AT1G12370,HY5,AT1G12370,A,20487384,
AT5G11260,AT1G29920,HY5,CAB2,A,15525647,
AT5G11260,AT1G29930,HY5,CAB1,A,18621945,
AT5G11260,AT1G37130,HY5,NIA2,A,"19540016, 19933203",
AT5G11260,AT1G58290,HY5,HEMA1,A,12445126,
AT5G11260,AT1G67090,HY5,RBCS1A,A,"15525647, 15078335, 17337630",
AT5G11260,AT1G78600,HY5,LZF1,A,18182030,
AT5G11260,AT2G36270,HY5,ABI5,A,18332440,
AT5G11260,AT2G37678,HY5,FHY1,R,21097709,
AT5G11260,AT2G40080,HY5,ELF4,A,"17337630, 21499259",
AT5G11260,AT2G47460,HY5,MYB12,A,17337630,
AT5G11260,AT3G22840,HY5,ELIP1,A,"17478635, 11706180, 16829586",
AT5G11260,AT3G23050,HY5,IAA7,A,"15078335, 17419844",
AT5G11260,AT4G14550,HY5,IAA14,A,15078335,
AT5G11260,AT4G15480,HY5,UGT84A1,A,17478635,
AT5G11260,AT4G22880,HY5,LDOX,A,17319847,
AT5G11260,AT4G32880,HY5,ATHB8,A,11402194,
AT5G11260,AT5G02200,HY5,FHL,R,21097709,
AT5G11260,AT5G13930,HY5,TT4,A,"10662857, 15078335, 17965270, 10225946, 16829591, 17337630, 145100786",
AT5G11260,AT5G42800,HY5,DFR,A,17319847,
AT5G11260,ATCG00270,HY5,psbD,A,11752385,
AT5G11510,AT1G08560,MYB3R-4,SYP111,A,19279197,
AT5G12870,AT1G16490,MYB46,MYB58,A,19122102,
AT5G12870,AT1G62990,MYB46,KNAT7,A,17890373,
AT5G12870,AT1G79180,MYB46,MYB63,A,19122102,
AT5G12870,AT4G22680,MYB46,MYB85,A,17890373,
AT5G13790,AT1G02400,AGL15,GA2OX6,A,"15084721, 18305206, 12472697",
AT5G13790,AT1G71830,AGL15,SERK1,A,17630293,
AT5G13790,AT2G21060,AGL15,AtCSP4,R,19269998,
AT5G13790,AT2G45830,AGL15,DTA2,R,12472697,
AT5G13790,AT3G57390,AGL15,AGL18,R,"17999645, 18305206",
AT5G13790,AT3G61250,AGL15,MYB17,A,19232308,
AT5G13790,AT4G25470,AGL15,CBF2,R,17999645,
AT5G13790,AT4G38680,AGL15,ATCSP2,R,19269998,
AT5G13790,AT5G45890,AGL15,SAG12,R,12226488,
AT5G14010,AT2G17950,KNU,WUS,R,20409275,
AT5G14750,AT1G01380,WER,ETC1,A,"19395683, 18644155, 15542499",
AT5G14750,AT1G79840,WER,GL2,A,"10589676, 12756173, 17644729, 17766401, 15795220, 15542499",
AT5G14750,AT2G37260,WER,TTG2,A,17766401,
AT5G14750,AT2G46410,WER,CPC,A,"12756173, 19395683, 18644155, 16207757, 15795220, 17027738",
AT5G14750,AT4G01060,WER,ETC3,A,18644155,
AT5G14750,AT5G40330,WER,MYB23,A,19395683,
AT5G14750,AT5G53200,WER,TRY,A,"19395683, 18644155, 17027738, 15542499",
AT5G14960,AT2G36010,DEL2,E2F3,A,19937368,
AT5G14960,AT3G48160,DEL2,DEL1,A,19937368,
AT5G14960,AT5G22220,DEL2,E2F1,A,19937368,
AT5G15840,AT1G65480,CO,FT,A,"14630968, 17219103, 19582143, 16183837, 18676661, 12700762, 20472817, 12239570, 17965272, 14628054, 18296627, 16980594, 19154317, 17138697",
AT5G15840,AT1G69120,CO,AP1,A,"12837818, 19432994, 10406123",
AT5G15840,AT2G22630,CO,AGL17,A,18363787,
AT5G15840,AT2G45660,CO,AGL20,A,"17219103, 16183837, 15618421, 18363787, 12169635, 12940954, 18298670",
AT5G15840,AT3G22231,CO,PCC1,A,19781011,
AT5G15840,AT4G20370,CO,TSF,A,"18667727, 15951566, 19154317",
AT5G15840,AT5G61850,CO,LFY,A,"9136624, 9596637, 10583960, 10363371, 18363787, 10995392, 9836739, 10406123",
AT5G15850,AT5G47220,COL1,ERF2,A,16183832,
AT5G16560,AT1G65620,KAN,AS2,R,"18849474, 19891706",
AT5G16560,AT1G73590,KAN,PIN1,R,"20179097, 17307928",
AT5G16820,AT1G07890,HSF3,APX1,A,14722088,
AT5G16820,AT1G56600,HSF3,GOLS2,A,"18502973, 15610345",
AT5G16820,AT2G22240,HSF3,MIPS2,A,15610345,
AT5G16820,AT2G47180,HSF3,GOLS1,A,"18502973, 15466240",
AT5G16820,AT3G09640,HSF3,APX2,A,"12068123, 14722088",
AT5G16820,AT5G12030,HSF3,HSP17.6A,A,17059409,
AT5G17300,AT4G28720,RVE1,YUC8,A,19805390,
AT5G17430,AT3G44750,BBM,HDA3,A,15144374,
AT5G17430,AT5G03740,BBM,HD2C,A,15144374,
AT5G17430,AT5G22650,BBM,HD2B,A,15144374,
AT5G18560,AT5G61850,PUCHI,LFY,A,"19482969, 19482972",
AT5G18830,AT1G23020,SPL7,FRO3,A,19122104,
AT5G18830,AT3G46900,SPL7,COPT2,A,19122104,
AT5G18830,AT3G56240,SPL7,AT3G56240,A,19122104,
AT5G18830,AT5G24380,SPL7,YSL2,A,19122104,
AT5G18830,AT5G59030,SPL7,COPT1,A,19122104,
AT5G18830,AT5G59520,SPL7,AT5G59520,A,19122104,
AT5G20240,AT1G57990,PI,PUP18,A,18417639,
AT5G20240,AT1G69120,PI,AP1,R,"16640596, 18417639",
AT5G20240,AT1G69180,PI,CRC,A,15598802,
AT5G20240,AT1G69490,PI,NAP,A,"9489703, 11041886, 18417639",
AT5G20240,AT2G15890,PI,MEE14,A,18417639,
AT5G20240,AT2G29350,PI,SAG13,A,18417639,
AT5G20240,AT3G23130,PI,SUP,A,"20409275, 11874573, 11006335",
AT5G20240,AT3G54340,PI,AP3,A,"12121446, 11027713, 11923195, 16640596, 10607296, 7907276, 19033361",
AT5G20240,AT4G26150,PI,GNL,R,18417639,
AT5G20240,AT4G29130,PI,HXK1,A,18417639,
AT5G20240,AT4G30270,PI,MERI5B,A,18417639,
AT5G20240,AT4G35770,PI,AT4G35770,A,18417639,
AT5G20240,AT5G20240,PI,PI,A,"7958839, 11283333, 10769227, 15918886, 11526079, 19276203",
AT5G20240,AT5G26340,PI,AtSTP13,A,18417639,
AT5G20240,AT5G56860,PI,GNC,R,18417639,
AT5G20730,AT1G04240,ARF7,SHY2,A,"12114578, 15889151",
AT5G20730,AT1G19220,ARF7,ARF19,A,"15960621, 16461383, 15659631",
AT5G20730,AT2G42430,ARF7,LBD16,A,17259263,
AT5G20730,AT2G45420,ARF7,LBD18,A,19654206,
AT5G20730,AT3G15540,ARF7,IAA19,A,"14729917, 15923351, 12114578, 16632588",
AT5G20730,AT3G20840,ARF7,PLT1,A,16006581,
AT5G20730,AT3G50340,ARF7,AT3G50340,A,"14756757, 19654206",
AT5G20730,AT3G58190,ARF7,LBD29,A,"19654206, 17259263",
AT5G20730,AT4G14550,ARF7,IAA14,R,16236149,
AT5G20730,AT4G14560,ARF7,IAA1,A,15923351,
AT5G20730,AT4G27260,ARF7,WES1,A,19654206,
AT5G20730,AT4G37390,ARF7,BRU6,A,"14756757, 19654206",
AT5G20730,AT4G37650,ARF7,SHR,R,16236149,
AT5G21120,AT3G23240,EIL2,ERF1,A,16682641,
AT5G22220,AT2G40550,E2F1,ETG1,A,18528439,
AT5G22220,AT3G54180,E2F1,CDKB1;1,A,16055635,
AT5G22220,AT5G24330,E2F1,ATXR6,A,16771839,
AT5G22570,AT2G14610,WRKY38,PR1,R,18776063,
AT5G23000,AT1G07890,MYB37,APX1,R,15308753,
AT5G23000,AT1G19570,MYB37,DHAR1,R,15308753,
AT5G23000,AT2G37630,MYB37,AS1,A,16473968,
AT5G23000,AT4G37750,MYB37,ANT,A,16473968,
AT5G23000,AT5G53950,MYB37,CUC2,A,16473968,
AT5G23260,AT1G61720,TT16,BAN,A,12368498,
AT5G26660,AT3G22370,MYB86,AOX1A,A,11967090,
AT5G35550,AT1G61720,TT2,BAN,A,"16709193, 11041882, 15255866, 17635218",
AT5G35550,AT1G79840,TT2,GL2,A,19401413,
AT5G35550,AT2G37260,TT2,TTG2,A,"17766401, 18992236",
AT5G35550,AT3G59030,TT2,TT12,A,"12940955, 11549766, 16167896, 17208963",
AT5G35550,AT4G09820,TT2,TT8,A,"18532978, 16709193",
AT5G35550,AT4G22880,TT2,LDOX,A,"11549766, 17208963",
AT5G35550,AT5G42800,TT2,DFR,A,"12940955, 18532978, 11549766, 11041882, 15361138, 17425717",
AT5G35770,AT4G18960,SAP,AG,R,"12826617, 10948255, 10215627, 15020744",
AT5G37020,AT1G28130,ARF8,GH3.17,A,"16598073, 15469491",
AT5G37020,AT2G44810,ARF8,DAD1,A,20007966,
AT5G37020,AT5G54510,ARF8,DFL1,A,"16598073, 15469491",
AT5G37260,AT1G01060,RVE2,LHY,R,17587236,
AT5G37260,AT1G65480,RVE2,FT,R,17587236,
AT5G37260,AT2G46830,RVE2,CCA1,R,17587236,
AT5G37260,AT5G15840,RVE2,CO,R,17587236,
AT5G40330,AT1G79840,MYB23,GL2,A,"12787253, 19395683",
AT5G40330,AT2G46410,MYB23,CPC,A,19395683,
AT5G40330,AT5G40330,MYB23,MYB23,A,19395683,
AT5G40330,AT5G53200,MYB23,TRY,A,19395683,
AT5G40350,AT3G06490,MYB24,MYB108,A,19091873,
AT5G40360,AT1G21970,MYB115,LEC1,A,18695688,
AT5G41315,AT1G01380,GL3,ETC1,A,"18711121, 19395683, 17885086, 18644155, 15542499",
AT5G41315,AT1G79840,GL3,GL2,A,"18711121, 12974811, 17885086, 17644729, 15584952, 17461792, 18948276",
AT5G41315,AT2G37260,GL3,TTG2,A,17766401,
AT5G41315,AT2G46410,GL3,CPC,A,"18711121, 17885086, 18644155, 14627722, 19772572, 17027738, 15542499",
AT5G41315,AT4G01060,GL3,ETC3,A,18644155,
AT5G41315,AT4G09820,GL3,TT8,A,"18532978, 16709193, 12917293, 18036197",
AT5G41315,AT4G22880,GL3,LDOX,R,19621239,
AT5G41315,AT5G08640,GL3,FLS1,R,19621239,
AT5G41315,AT5G13930,GL3,TT4,R,19621239,
AT5G41315,AT5G41315,GL3,GL3,R,17885086,
AT5G41315,AT5G53200,GL3,TRY,A,"18766177, 17885086, 18644155, 17027738, 15542499",
AT5G41410,AT1G23420,BEL1,INO,A,"17666023, 12183381, 17693535, 10601041, 14731261",
AT5G41410,AT2G17950,BEL1,WUS,R,"19704643, 17693535",
AT5G41410,AT4G18960,BEL1,AG,R,"10377998, 7912435, 17693535, 17461793",
AT5G42630,AT1G23420,ATS/KAN4,INO,R,"15299139, 19054366",
AT5G42630,AT1G73590,ATS/KAN4,PIN1,R,17307928,
AT5G43270,AT4G13260,SPL2,YUC2,R,18557819,
AT5G43270,AT5G25620,SPL2,YUC6,R,18557819,
AT5G45980,AT2G17950,WOX8,WUS,A,18804438,
AT5G45980,AT3G11260,WOX8,WOX5,A,18804438,
AT5G45980,AT5G59340,WOX8,WOX2,A,18539115,
AT5G47220,AT1G06160,ERF2,ORA59,A,17616737,
AT5G47220,AT1G72260,ERF2,THI2.1,A,12805630,
AT5G47220,AT3G04720,ERF2,PR4,A,12805630,
AT5G47220,AT3G55730,ERF2,MYB109,A,17616737,
AT5G47220,AT5G44420,ERF2,PDF1.2,A,12805630,
AT5G48670,AT1G22015,AGL80,DD46,A,"18599653, 16798889",
AT5G48670,AT5G04560,AGL80,DME,A,"18599653, 16798889",
AT5G51990,AT2G42540,CBF4,COR15A,A,15173567,
AT5G51990,AT5G52310,CBF4,LTI78,A,15173567,
AT5G52830,AT1G37130,WRKY27,NIA2,R,18702671,
AT5G52830,AT1G77760,WRKY27,NIA1,R,18702671,
AT5G52830,AT5G65010,WRKY27,ASN2,R,18702671,
AT5G53200,AT1G79840,TRY,GL2,R,"15342905, 12356720",
AT5G53200,AT2G02480,TRY,STI,R,19648171,
AT5G53200,AT2G37260,TRY,TTG2,R,17766401,
AT5G53200,AT5G53200,TRY,TRY,R,"12356720, 15967776",
AT5G53200,AT5G65930,TRY,ZWI,R,19648171,
AT5G53210,AT3G26744,SPCH,ICE1,A,18641265,
AT5G53950,AT1G23380,CUC2,KNAT6,A,16798887,
AT5G53950,AT1G55580,CUC2,LAS,A,18346190,
AT5G53950,AT1G62360,CUC2,BUM1,A,"12610213, 17132741, 15882589, 14617069, 10079219, 16139212",
AT5G53950,AT1G76420,CUC2,CUC3,A,12837947,
AT5G53950,AT2G31160,CUC2,LSH3,A,21435050,
AT5G53950,AT3G23290,CUC2,LSH4,A,21435050,
AT5G54070,AT1G74310,HSFA9,HSP101,A,17220197,
AT5G56110,AT3G11980,AT5G56110,AT3G11980,A,"17727613, 18397379",
AT5G56110,AT5G22260,AT5G56110,MS1,A,17727613,
AT5G56270,AT2G36270,WRKY2,ABI5,A,19622176,
AT5G56270,AT2G40170,WRKY2,GEA6,R,19622176,
AT5G56270,AT3G24650,WRKY2,ABI3,A,19622176,
AT5G56270,AT3G51810,WRKY2,EM1,R,19622176,
AT5G56860,AT1G57990,GNC,PUP18,A,18417639,
AT5G56860,AT2G15890,GNC,MEE14,R,18417639,
AT5G56860,AT2G29350,GNC,SAG13,A,18417639,
AT5G56860,AT4G29130,GNC,HXK1,R,18417639,
AT5G56860,AT4G30270,GNC,MERI5B,A,18417639,
AT5G56860,AT4G35770,GNC,AT4G35770,A,18417639,
AT5G56860,AT5G26340,GNC,AtSTP13,D,18417639,"flower: R, leaf: A"
AT5G59570,AT2G46830,AT5G59570,CCA1,A,21447790,
AT5G59820,AT1G07890,RHL41,APX1,A,"16740587, 16183833, 14722088",
AT5G59820,AT2G30250,RHL41,WRKY25,A,14722088,
AT5G59820,AT3G46090,RHL41,ZAT7,A,14722088,
AT5G59820,AT4G25470,RHL41,CBF2,R,"15728337, 15634197",
AT5G59820,AT4G25480,RHL41,CBF3,R,"15728337, 15634197",
AT5G59820,AT4G25490,RHL41,CBF1,R,"15728337, 15634197",
AT5G60690,AT2G45450,REV,ZPR1,A,18055602,
AT5G60890,AT2G20610,MYB34,SUR1,A,17420480,
AT5G60890,AT2G22330,MYB34,CYP79B3,A,"16740150, 18829985, 15579661",
AT5G60890,AT4G31500,MYB34,CYP83B1,A,"16740150, 18829985, 15579661",
AT5G60890,AT4G39950,MYB34,CYP79B2,A,"16740150, 18829985, 15579661",
AT5G60890,AT5G05730,MYB34,AT5G05730,A,"9576939, 17461791, 15579661",
AT5G60910,AT2G42830,AGL8,SHP2,R,"11722760, 19478073, 18657234, 20409275, 19052256",
AT5G60910,AT3G58780,AGL8,SHP1,R,"11722760, 19478073, 18657234, 20409275, 19052256, 11747817",
AT5G60910,AT4G00120,AGL8,IND,R,"19478073, 18657234, 20409275, 19052256, 15035986, 10903201",
AT5G60910,AT5G61850,AGL8,LFY,A,15486106,
AT5G60910,AT5G67110,AGL8,ALC,R,"18657234, 19052256",
AT5G61270,AT4G25470,PIF7,CBF2,R,19837816,
AT5G61270,AT4G25490,PIF7,CBF1,R,19837816,
AT5G61420,AT2G20610,MYB28,SUR1,A,17420480,
AT5G61420,AT3G01120,MYB28,MTO1,A,17420480,
AT5G61420,AT3G03780,MYB28,AtMS2,A,17420480,
AT5G61420,AT3G57050,MYB28,CBL,A,17420480,
AT5G61420,AT4G03060,MYB28,AOP2,A,17420480,
AT5G61420,AT4G13770,MYB28,CYP83A1,A,18829985,
AT5G61420,AT4G31500,MYB28,CYP83B1,R,18829985,
AT5G61420,AT5G23010,MYB28,MAM1,A,"19493961, 18042203",
AT5G61850,AT1G26310,LFY,CAL,A,"18298668, 16554366, 18784751, 14736918",
AT5G61850,AT1G52880,LFY,NAM,A,19095941,
AT5G61850,AT1G68480,LFY,JAG,R,15030755,
AT5G61850,AT1G69120,LFY,AP1,A,"16554366, 10417387, 16990377, 19482969, 18694458, 15486106, 14736918, 19154317, 10368173",
AT5G61850,AT1G69180,LFY,CRC,A,15598802,
AT5G61850,AT1G76420,LFY,CUC3,A,19095941,
AT5G61850,AT3G23130,LFY,SUP,A,"9061945, 11006335",
AT5G61850,AT3G54340,LFY,AP3,A,"9016705, 10607296, 11526079, 11959818, 15020744",
AT5G61850,AT3G61250,LFY,MYB17,A,19232308,
AT5G61850,AT4G18960,LFY,AG,A,"19054363, 19542297, 20409275, 15689423, 12045282, 10852935, 10588876, 17461793, 11041877",
AT5G61850,AT4G24540,LFY,AGL24,R,"16131510, 14716314, 17168895",
AT5G61850,AT5G03790,LFY,HB51,A,"18298668, 19291320, 18694458",
AT5G61850,AT5G03840,LFY,TFL1,R,"15096600, 11457954, 16359391, 10449576, 12148532, 20409275, 10021331, 15037730, 17666027",
AT5G61850,AT5G11530,LFY,EMF1,R,15486106,
AT5G61850,AT5G20240,LFY,PI,A,"11283333, 10769227, 15918886, 11526079, 19276203",
AT5G61850,AT5G51600,LFY,PLE,A,19054363,
AT5G62000,AT1G01480,ARF2,ACS2,A,15960614,
AT5G62000,AT2G33310,ARF2,IAA13,A,18596113,
AT5G62000,AT4G11280,ARF2,ACS6,A,15960614,
AT5G62000,AT4G37750,ARF2,ANT,R,19542297,
AT5G62000,AT4G37770,ARF2,ACS8,A,15960614,
AT5G62000,AT5G25890,ARF2,IAA28,A,18596113,
AT5G62020,AT5G44420,HSFB2A,PDF1.2,A,20504319,
AT5G62380,AT1G16490,ANAC101,MYB58,A,19122102,
AT5G62380,AT1G28470,ANAC101,ANAC010,A,18952777,
AT5G62380,AT1G62990,ANAC101,KNAT7,A,18952777,
AT5G62380,AT1G79180,ANAC101,MYB63,A,19122102,
AT5G62380,AT5G12870,ANAC101,MYB46,A,"18952777, 17890373",
AT5G62380,AT5G56110,ANAC101,AT5G56110,A,18952777,
AT5G62430,AT1G65480,AT5G62430,FT,R,19011118,
AT5G62430,AT5G15840,AT5G62430,CO,R,"16002617, 16709197, 17908925, 18296724, 18791256, 19154317",
AT5G65050,AT2G45660,AGL31,AGL20,R,"18390846, 12724541",
AT5G66870,AT1G70510,ASL1,KNAT2,R,17259263,
AT5G66870,AT4G08150,ASL1,KNAT1,R,"17259263, 12787254",
AT5G67300,AT1G17550,MYBR1,HAB2,R,18162593,
AT5G67300,AT1G72770,MYBR1,HAB1,R,18162593,
AT5G67300,AT3G11410,MYBR1,PP2CA,R,18162593,
AT5G67300,AT4G26080,MYBR1,ABI1,R,18162593,
AT5G67300,AT5G03280,MYBR1,EIN2,A,21117868,
AT5G67300,AT5G44420,MYBR1,PDF1.2,R,20826953,
AT5G67300,AT5G57050,MYBR1,ABI2,R,18162593,
AT5G67420,AT4G09820,LBD37,TT8,R,19933203,